Customer Name,Customer Address,Customer Phone,Customer Email,Customer Tax Code,Customer Type,Customer Industry,Gender,Other Phone Number,Last Purchase Date,Purchase Items,Purchase Item Name,Shipping Address
Josi Worssam,021 Monica Lane,258 201 1646,jworssam0@nsw.gov.au,,LKHA,,Female,,19/06/2025,,Buick,
Tiff Tomaszkiewicz,73 Bashford Court,825 413 4804,ttomaszkiewicz1@weebly.com,,LKHA,,Female,,23/12/2024,Phantom,Rolls-Royce,Dorfstraße 5a
Kirbie Havesides,74664 Dixon Court,720 405 5751,khavesides2@e-recht24.de,,LKHA,,Female,,5/9/2025,LR3,Land Rover,EP-MN-WN1A
Shayne Gregh,,850 528 5565,sgregh3@altervista.org,,VIP,,Male,,11/9/2025,,Infiniti,2392 N. MILWAUKEE AVE
Nolie Abbess,68 Alpine Way,353 446 3992,nabbess4@deviantart.com,,NBH01,,Female,,26/03/2025,Familia,Mazda,320 N MAIN
Erroll Craigg,0063 Hoepker Circle,333 841 1314,ecraigg5@nature.com,,NBH01,,Male,,3/2/2025,Esteem,Suzuki,"Hoveniersstraat, 29"
Audry Andersch,,,aandersch6@sciencedaily.com,,NBH01,,,,10/10/2025,Intrepid,Dodge,P.O.   BOX   105
Cornela Hadwen,71 Hintze Drive,141 640 1598,chadwen7@sourceforge.net,,LKHA,,Female,,5/9/2025,Forester,Subaru,
Zolly Merrien,,,zmerrien8@auda.org.au,,,,Male,674 854 6943,30/04/2025,E-Series,Ford,MAC N9301-041
Baird Erangey,21 Crowley Circle,525 175 5500,berangey9@issuu.com,,NBH01,,Male,,3/1/2025,Range Rover,Land Rover,Virchowstraße 23
Cindee Ledstone,495 Heffernan Trail,546 428 7684,,,NBH01,,Female,896 561 4391,31/05/2025,Cooper,MINI,1120 SOUTH ROCK STREET
Theda Finders,2873 Ridgeview Pass,,tfindersb@oakley.com,,LKHA,,Female,,10/2/2025,,Mercury,"Dörferstr., 10a"
Stacia Carwithan,435 Eliot Plaza,,scarwithanc@sfgate.com,,,,Female,475 872 4640,12/11/2025,,Chevrolet,"VIA LAURIN, 1"
Aeriel Sanger,4 Waywood Lane,534 257 2941,asangerd@cmu.edu,,LKHA,,Female,,14/04/2025,Astro,,3731 WILSHIRE BLVD STE 1000
Kane McKeveney,9737 Laurel Center,442 135 1184,kmckeveneye@zdnet.com,,NBH01,,Male,938 973 6771,10/3/2025,CC,,Hermannstraße 13
Nataline Giraudel,1 Lerdahl Point,,ngiraudelf@oracle.com,,,,Female,,31/01/2025,7 Series,BMW,Ludwigstraße 52
Lenci Dorsey,21466 Maple Wood Park,876 393 3463,ldorseyg@phoca.cz,,NBH01,,Male,500 911 1314,18/06/2025,Vandura 1500,GMC,2910 W JACKSON STREET
Janis Jaksic,,324 130 3255,jjaksich@last.fm,,NBH01,,Female,926 793 8603,22/07/2025,DeVille,Cadillac,P O DRAWER 635050
Edin Dulson,13844 High Crossing Point,303 893 3451,edulsoni@sourceforge.net,,,,Female,,17/08/2025,Wrangler,Jeep,"Puerta de Zamora, 2"
Marianne Esposi,,199 893 2309,mesposij@tripadvisor.com,,VIP,,Female,,4/8/2025,Tahoe,Chevrolet,Kirchstraße 2-4
Sheeree Cleef,285 Sachs Plaza,331 449 1063,scleefk@163.com,,NBH01,,Female,,21/06/2025,GS,Lexus,"VIA GARIBALDI, 3"
Kelly Sprigg,997 Melvin Street,151 383 2340,kspriggl@paginegialle.it,,VIP,,Female,699 394 9754,20/06/2025,Suburban 2500,Chevrolet,Liivalaia tn 45
Carmita Cadge,80 Dawn Plaza,318 166 4414,ccadgem@desdev.cn,,LKHA,,Female,,,STS,Cadillac,"69, route d'Esch"
Maddy Lydon,2865 Washington Place,478 195 0120,mlydonn@theguardian.com,,,,Female,,11/10/2025,Avenger,Dodge,ul. Przyokopowa 31
Robers Brear,,686 974 5842,rbrearo@usatoday.com,,NBH01,,Male,,8/1/2025,Ram Van 2500,Dodge,Neutorplatz 1
Renato Ladbrooke,162 Clemons Lane,,rladbrookep@g.co,,NBH01,,Male,,26/08/2025,9000,Saab,Hauptstraße 35
Ashton Scemp,201 Sachtjen Junction,138 745 9757,ascempq@telegraph.co.uk,,VIP,,Male,,16/05/2025,Thunderbird,,
Fraser Husset,67 Fordem Terrace,777 791 6452,,,,,Male,802 444 2609,21/03/2025,L300,Mitsubishi,80 SUGAR CREEK CENTER BLVD
Augustina Vasilchenko,,615 630 9997,avasilchenkos@g.co,,VIP,,Female,174 664 5223,11/11/2025,Z4,BMW,Neumarkt 17
Veriee Szapiro,0 Towne Park,190 402 5422,vszapirot@gravatar.com,,VIP,,Female,849 339 6843,,Liberty,Jeep,3320 DREDGE DR
Will Robbs,8 Armistice Place,,wrobbsu@google.it,,,,Male,999 742 7759,,LX,Lexus,
Bud McGlynn,89 Holmberg Place,593 663 3293,bmcglynnv@ning.com,,LKHA,,Male,162 556 1674,19/03/2025,,Subaru,"Hoveniersstraat, 29"
Nicolea Whitta,71 Surrey Circle,449 806 0197,nwhittaw@naver.com,,NBH01,,Female,,19/07/2025,Ram 3500,Dodge,Bahnhofstraße 15
Kayle Helliker,908 Dahle Avenue,325 128 3898,khellikerx@cornell.edu,,LKHA,,Female,,8/11/2025,Colt,Plymouth,PIAZZA FILIPPO MEDA 4
Kassia Krause,1982 Packers Road,229 907 5328,kkrausey@cornell.edu,,NBH01,,Female,,21/07/2025,,Infiniti,P O BOX 169
Wilfrid Crichten,7480 Village Green Alley,190 249 6076,wcrichtenz@whitehouse.gov,,NBH01,,,,16/03/2025,,Toyota,
Erin Laker,8 Westend Way,,elaker10@scientificamerican.com,,LKHA,,Female,314 331 0071,13/01/2025,,Kia,Robert-Koch-Straße 45
Basil Chavrin,837 Holmberg Park,940 635 5063,,,,,Male,,14/07/2025,,Plymouth,"Steinbockallee, 29"
Grace Frangleton,637 West Drive,798 832 9029,gfrangleton12@instagram.com,,,,Female,,30/04/2025,NSX,Acura,"CORSO ORBASSANO, 367"
Marcus De Caville,1542 Dapin Avenue,639 820 2748,mde13@imdb.com,,VIP,,Male,,29/11/2024,Discovery,Land Rover,PO BOX 7009
Gayleen Cosbee,1 Talmadge Street,131 986 6362,gcosbee14@bandcamp.com,,LKHA,,Female,,16/04/2025,CR-V,Honda,Am Gewerbering 1
Olive Scadden,397 New Castle Park,977 353 3926,oscadden15@google.de,,VIP,,Female,,9/9/2025,Prowler,Chrysler,320 N MAIN
Ellene Trengove,2052 Becker Avenue,219 677 8328,etrengove16@lycos.com,,VIP,,Female,,18/11/2025,Vandura 3500,,
Rodie Mignot,178 Quincy Lane,952 895 5048,rmignot17@cnbc.com,,,,Female,,6/7/2025,Continental,Bentley,P7-PFSC-03-H
Justina Gludor,46408 Myrtle Parkway,786 621 0160,jgludor18@salon.com,,VIP,,Female,,28/08/2025,MPV,Mazda,PO BOX 10566
Karole Dunseath,63295 Lyons Center,270 151 8090,kdunseath19@yolasite.com,,,,Female,134 245 0383,,X6,,"PIAZZA DEL CALENDARIO, 3"
Sonia Giovannacci,149 Portage Hill,511 997 1687,sgiovannacci1a@ox.ac.uk,,NBH01,,Female,,15/10/2025,1500 Club Coupe,GMC,"VIA GIAMBATTISTA VICO, 5"
Marybeth Cocher,,161 276 1194,mcocher1b@businessweek.com,,NBH01,,Female,,3/2/2025,,,
Byrle Divina,81 Northview Court,130 449 2968,bdivina1c@huffingtonpost.com,,LKHA,,Male,,21/04/2025,D350 Club,Dodge,1620 DODGE DTREET
Cacilie Havvock,578 Tony Place,485 244 4771,chavvock1d@xinhuanet.com,,,,,,16/10/2025,Suburban 2500,Chevrolet,50 NORTH THIRD ST
Doyle Barends,67 Magdeline Trail,267 640 5280,,,,,,,27/08/2025,Esprit,,"VIA COLA DI RIENZO, 240 / II PIANO"
Melloney Berry,9 West Trail,712 362 7997,mberry1f@bizjournals.com,,,,Female,,4/3/2025,100,Audi,Vesetas iela 7
Rochelle Knaggs,40277 Acker Pass,574 787 4027,rknaggs1g@cyberchimps.com,,LKHA,,Female,,9/9/2025,,Mazda,1200 E WARRENVILLE ROAD
Bobbye Boughtwood,489 Clove Terrace,,bboughtwood1h@digg.com,,,,Female,,,Type 2,Volkswagen,P.O. BOX 85139
Kimberlyn Yurikov,13405 Burrows Way,832 945 7549,kyurikov1i@yale.edu,,VIP,,Female,,10/9/2025,Continental,Bentley,MAC N9301-041
Erastus Cattach,736 Colorado Alley,393 696 7428,ecattach1j@51.la,,VIP,,Male,,14/03/2025,Prowler,Plymouth,"VIALE ALTIERO SPINELLI, 30"
Ade Pocock,82135 Arkansas Pass,206 392 6861,apocock1k@telegraph.co.uk,,NBH01,,Male,,29/08/2025,GTO,Mitsubishi,5050 KINGSLEY DRIVE
Jackie Maxsted,9 Cottonwood Way,238 784 9492,jmaxsted1l@baidu.com,,VIP,,Male,349 506 2419,,GL-Class,Mercedes-Benz,P.O. BOX 200
Othilia Gamell,598 Sherman Crossing,565 354 0859,ogamell1m@cnet.com,,,,Female,511 569 3986,8/9/2025,Integra,,Bahnhofstraße 43
Francyne Boodell,0066 Cardinal Street,368 172 3895,fboodell1n@buzzfeed.com,,VIP,,Female,,26/04/2025,ES,Lexus,ul. Żelazna 32
Jillian Bowker,341 Pearson Pass,634 810 0781,jbowker1o@usda.gov,,LKHA,,,356 756 9621,,Traverse,,P7-PFSC-03-H
Cal Goddman,2417 New Castle Plaza,557 326 2703,cgoddman1p@people.com.cn,,VIP,,Male,,8/1/2025,Murciélago,Lamborghini,"Raiffeisenstraße, 1"
Roy Philpotts,71845 Service Terrace,554 956 5866,rphilpotts1q@scribd.com,,,,Male,914 867 8855,1/3/2025,DTS,Cadillac,
Meghan Farrow,57 Boyd Junction,280 128 4514,mfarrow1r@hatena.ne.jp,,LKHA,,Female,,21/06/2025,Corvette,Chevrolet,PIAZZA FILIPPO MEDA 4
Daffie Bruckman,33887 Hermina Street,921 253 8691,dbruckman1s@reuters.com,,VIP,,Female,,1/1/2025,911,Porsche,80 SUGAR CREEK CENTER BLVD
Shaylyn Carbine,8 Menomonie Trail,797 884 5504,,,NBH01,,Female,,,Montana,Pontiac,12345 W COLFAX AVE
Jacynth Losselyong,8359 Dakota Terrace,733 498 5284,,,,,Female,,29/06/2025,Century,Buick,"Centre DESCARTES 287-289, route d'Arlon"
Arturo Mc Gee,334 Acker Terrace,211 109 1160,amc1v@ft.com,,VIP,,Male,,13/12/2024,Camry Hybrid,Toyota,
Chris Furmonger,0 Westridge Way,612 630 3987,cfurmonger1w@boston.com,,,,Male,,13/08/2025,DeVille,Cadillac,20544 HUSKER DR
Washington Brownhall,44650 Sheridan Terrace,865 506 6763,,,VIP,,Male,769 479 5589,2/3/2025,M-Class,Mercedes-Benz,ul. Sikorskiego 12
Rafaello Phethean,017 Commercial Avenue,653 787 8204,rphethean1y@arstechnica.com,,VIP,,Male,780 759 1512,5/12/2024,,Mercedes-Benz,"High Street, Goresbridge,"
Lona Thomlinson,17353 Buhler Trail,177 631 5255,lthomlinson1z@mashable.com,,VIP,,Female,,20/08/2025,Savana 2500,,
Hermina Cordelette,33027 Kedzie Alley,448 138 5473,hcordelette20@oaic.gov.au,,LKHA,,Female,,27/07/2025,Cougar,Mercury,2ND FLOOR
Tadd Bowdrey,21613 Truax Junction,491 699 4557,tbowdrey21@mozilla.com,,VIP,,Male,,22/04/2025,,Chevrolet,118 N GARFIELD
Wait Peachment,,323 390 2749,wpeachment22@cpanel.net,,LKHA,,Male,190 629 8066,21/05/2025,Grand Am,Pontiac,PO BOX 709
Carlin Pollington,30 Packers Crossing,154 886 9679,cpollington23@ovh.net,,NBH01,,Female,385 449 1968,8/6/2025,Ram 3500,Dodge,
Kingsly Wordsworth,6240 Anthes Place,267 786 5629,kwordsworth24@psu.edu,,NBH01,,Male,,27/05/2025,Sportvan G30,Chevrolet,"Hauptstraße, 49"
Kellyann Thorogood,23893 Spenser Terrace,992 140 0880,kthorogood25@hugedomains.com,,VIP,,Female,914 430 6673,,Trans Sport,Pontiac,ABC-Straße 10
Hatty Slogrove,72 Bartillon Crossing,790 698 1132,hslogrove26@ibm.com,,NBH01,,Female,558 712 6719,26/04/2025,Vantage,Aston Martin,2101 SOUTH CENTER STREET
Sile Joyson,9 Arizona Place,458 113 6699,sjoyson27@examiner.com,,LKHA,,Female,,13/07/2025,Yukon XL 2500,GMC,"2, Boulevard de la Foire"
Dinah Taveriner,74737 Clyde Gallagher Park,687 874 7691,dtaveriner28@reddit.com,,NBH01,,Female,,1/2/2025,Explorer,Ford,PIAZZA FILIPPO MEDA 4
Wade Balderston,,157 712 8743,wbalderston29@opera.com,,NBH01,,Male,470 271 4591,10/12/2024,F350,Ford,12345 W COLFAX AVE
Hew Tanfield,1037 Thackeray Drive,503 831 0401,htanfield2a@sun.com,,,,Male,,4/3/2025,NV2500,Nissan,
Brendon Hickin,45200 Dapin Alley,937 529 4995,bhickin2b@sciencedirect.com,,NBH01,,Male,,7/1/2025,Grand Caravan,Dodge,Maironio g. 19-21
Jodi Sayre,51 Ilene Way,906 134 4517,jsayre2c@mapquest.com,,LKHA,,Male,,16/07/2025,Celica,Toyota,Pferdemarkt 1a
Luciano Gumley,72 Toban Drive,767 246 7038,,,VIP,,Male,,4/6/2025,Cougar,,Sundkrogsgade 25
Stanly Spadaro,461 Sunfield Parkway,790 948 5768,sspadaro2e@si.edu,,NBH01,,Male,,29/03/2025,Matrix,Toyota,
Ivor Blewis,64 New Castle Pass,245 850 7116,iblewis2f@symantec.com,,LKHA,,Male,794 583 8695,3/3/2025,Intrepid,Dodge,Ludwigsplatz 1
Thedric Pablos,69 Lyons Alley,433 657 8280,tpablos2g@google.co.jp,,,,Male,,2/12/2024,Chariot,,ONE N.E. COURT
Helenka Normand,3 Golf Drive,394 107 9267,hnormand2h@adobe.com,,VIP,,Female,231 225 2370,25/05/2025,Odyssey,Honda,"VIA DE GASPERI, 11"
Coletta Leaning,0 Lake View Point,104 716 3834,cleaning2i@indiatimes.com,,NBH01,,,557 261 2089,14/07/2025,Lightning,Ford,SUITE 1500
Mortie Penticoot,494 Milwaukee Lane,653 690 5275,mpenticoot2j@reverbnation.com,,LKHA,,Male,,1/4/2025,Rainier,Buick,110 S FERRALL STREET
Leigh Yosevitz,,137 867 0435,lyosevitz2k@w3.org,,VIP,,Male,,23/03/2025,,Toyota,
Louella Garmey,1 Iowa Road,394 617 0121,lgarmey2l@ucoz.ru,,LKHA,,Female,,9/11/2025,Sorento,Kia,3RD FLOOR
Doroteya McCathy,8650 Melvin Street,795 873 9754,dmccathy2m@samsung.com,,LKHA,,Female,,24/05/2025,Wrangler,Jeep,"Cl Virgen de los Peligros, 4"
Bernhard Pinock,548 Scott Street,,bpinock2n@loc.gov,,,,Male,,31/07/2025,Sienna,Toyota,"Boulevard de l'Impératrice, 66"
Berkie Scurman,65 Walton Court,640 856 1462,bscurman2o@goo.gl,,LKHA,,Male,,30/07/2025,2500 Club Coupe,GMC,Kungsträdgårdsgatan 2
Carl Grisedale,52143 Packers Street,559 412 2447,cgrisedale2p@hostgator.com,,LKHA,,Male,,12/1/2025,Flex,Ford,500 FIRST AVENUE 3RD FLOOR
Cherianne Glave,245 Elgar Point,911 688 6492,cglave2q@xing.com,,VIP,,Female,,28/03/2025,Sundance,Plymouth,8001 VILLA PARK DRIVE
Candice Merigeau,7182 Atwood Plaza,428 262 1013,cmerigeau2r@bandcamp.com,,VIP,,Female,668 737 8413,20/05/2025,645,BMW,
Philippine Delacote,44 Rieder Park,878 400 7774,pdelacote2s@prweb.com,,NBH01,,Female,,12/5/2025,Murano,Nissan,ATTENTION:  ACH DEPT
Pincas McMeanma,5 Jenifer Circle,630 410 4196,pmcmeanma2t@state.gov,,,,Male,,26/01/2025,S60,Volvo,Am Markt 1
Charla Roggieri,6 Farmco Alley,610 339 6341,croggieri2u@posterous.com,,NBH01,,Female,596 190 1507,16/05/2025,Dakota,Dodge,10430 HIGHLAND MANOR DRIVE 3RD FLOOR
Bernhard Aitken,60756 Melvin Road,560 991 6212,baitken2v@oakley.com,,LKHA,,Male,,1/1/2025,Baja,Subaru,Eschenauer Straße 5
Jourdain Wibrow,7310 Maple Wood Avenue,774 126 0047,jwibrow2w@people.com.cn,,VIP,,Male,,8/11/2025,Phantom,Rolls-Royce,
Donal Toderi,617 Division Crossing,470 137 7359,dtoderi2x@ebay.com,,VIP,,Male,,26/04/2025,Neon,Plymouth,Bielefelder Straße 16
Brannon Rikard,,721 749 7391,brikard2y@amazon.com,,VIP,,Male,,10/1/2025,Express 3500,Chevrolet,Bernstorffsgade 40
Wilt Fear,779 Northport Avenue,980 600 9245,wfear2z@tamu.edu,,VIP,,Male,,4/6/2025,B-Series Plus,Mazda,
Webb Kahan,4 Lukken Place,194 442 9614,wkahan30@google.es,,,,Male,,18/12/2024,B-Series,Mazda,
Brunhilda Porcher,1 Heffernan Way,,bporcher31@mtv.com,,VIP,,Female,,2/2/2025,,Kia,2430 MALL DRIVE
Glennie Safe,19 Main Avenue,431 539 2550,gsafe32@1688.com,,,,,,26/04/2025,Seville,Cadillac,P O BOX 709
Salomi Pidgen,15 Gateway Park,603 269 1157,spidgen33@ihg.com,,,,,,19/07/2025,Caprice,,63 RUE DE LA VICTOIRE
Mil Tanser,43728 Longview Pass,946 296 3448,mtanser34@house.gov,,LKHA,,Female,901 597 2528,22/02/2025,Brooklands,Bentley,1620 DODGE STREET
Drugi Beckinsall,993 Emmet Crossing,,dbeckinsall35@washingtonpost.com,,,,,,10/11/2025,LX,Lexus,Poststraße 8
Elroy Brennan,0 Esch Crossing,792 238 1819,ebrennan36@epa.gov,,,,Male,,15/03/2025,Acclaim,Plymouth,"Raiffeisenplatz, 1"
Hedi Smallcombe,4897 Thackeray Park,,hsmallcombe37@163.com,,,,Female,,1/3/2025,325,BMW,PIAZZA FILIPPO MEDA 4
Dionne Challen,29519 Carey Court,970 682 2781,dchallen38@weibo.com,,,,,,19/08/2025,62,Maybach,SUITE 350
Any Wearn,9 Eastwood Hill,850 420 8640,awearn39@yelp.com,,LKHA,,Male,853 194 0798,27/11/2024,,Saab,"Via Laietana, 39"
Ninnetta Gotthard.sf,34278 Moose Plaza,248 303 5657,ngotthardsf3a@npr.org,,,,Female,660 625 8210,11/7/2025,CR-V,Honda,SUITE 410
Harland Limerick,,192 829 8682,hlimerick3b@google.com,,,,Male,707 560 2173,7/8/2025,,,2502 SOUTHLAND BLVD.
Fancy Blackmoor,,993 186 8290,fblackmoor3c@barnesandnoble.com,,LKHA,,Female,,21/01/2025,Escalade EXT,Cadillac,Østre Stationsvej 1
Erny Coston,22 Moulton Street,816 476 1426,ecoston3d@mozilla.org,,VIP,,,,13/03/2025,Tundra,Toyota,Dr.- Fritz-Zimmermann-Straße 14
Selle Melrose,2 Hanover Junction,776 719 6999,smelrose3e@is.gd,,NBH01,,Female,,5/2/2025,Sephia,Kia,"VIALE ALTIERO SPINELLI, 30"
Jeanette Atcock,4955 Village Green Way,478 670 6385,jatcock3f@uol.com.br,,VIP,,Female,,31/08/2025,RX,Lexus,VIA OTTAVIO SERENA 13
Ange McNee,2334 Forest Run Way,451 702 0118,amcnee3g@arstechnica.com,,,,,662 949 9056,,Santa Fe,Hyundai,Norderstraße 18-20
Estelle Standbridge,6 Lakewood Road,126 286 8130,estandbridge3h@tinyurl.com,,NBH01,,,,28/03/2025,,Volkswagen,P.O. BOX 458
Wally Escudier,,876 893 8811,wescudier3i@histats.com,,LKHA,,Female,,,New Beetle,Volkswagen,"VIALE ALTIERO SPINELLI, 30"
Gert Saltrese,0903 Sunfield Trail,439 133 9526,gsaltrese3j@1und1.de,,LKHA,,Female,,11/8/2025,Sonata,Hyundai,8 RUE DU FBG POISSONNIERE
Don McCrann,6949 Moose Parkway,649 899 5916,dmccrann3k@mozilla.org,,VIP,,Male,144 173 0287,23/09/2025,Rio,Kia,"R. Direita, 118"
Grant Lorens,1 Bartillon Avenue,574 723 9022,glorens3l@sourceforge.net,,,,Male,608 465 8950,15/04/2025,626,Mazda,LOCATER 01-5138
Betti Wycliffe,5 Trailsway Trail,875 827 5247,bwycliffe3m@unesco.org,,VIP,,Female,,13/07/2025,,Chevrolet,5900 LA PLACE COURT  SUITE 200
Horace Menichi,9 Loftsgordon Street,572 647 3484,hmenichi3n@furl.net,,LKHA,,Male,704 789 3332,25/04/2025,,BMW,9600 W. BRYN MAWR
Eamon Haker,1866 Buell Pass,222 189 5875,ehaker3o@topsy.com,,VIP,,Male,,6/2/2025,QX,Infiniti,"VIA SAN MARCO, 11"
Burtie Reimer,877 Fallview Street,279 172 7293,breimer3p@narod.ru,,LKHA,,Male,,24/08/2025,Sunbird,Pontiac,Hermannstraße 13
Lockwood Rhoddie,6763 Buell Hill,207 913 1858,lrhoddie3q@ovh.net,,,,Male,,25/06/2025,,Nissan,12 PLACE DES ETATS UNIS
Hillary Brashier,6766 Knutson Point,166 707 7166,hbrashier3r@ehow.com,,LKHA,,Male,,22/12/2024,Escalade,Cadillac,Magazinska cesta 69
Henryetta Rosenblum,,970 845 8501,hrosenblum3s@unicef.org,,NBH01,,Female,,29/09/2025,S8,Audi,P O BOX 67
Hilda Blaycock,70 Marquette Avenue,298 524 9927,hblaycock3t@over-blog.com,,LKHA,,Female,,1/5/2025,Legend,Acura,10TH FLOOR
Effie Cubin,47 Melby Street,117 742 6127,ecubin3u@myspace.com,,,,Female,751 850 8755,6/12/2024,Accord,Honda,SECOND FLOOR
Murdoch Dedenham,43 Becker Point,230 101 6795,mdedenham3v@nytimes.com,,NBH01,,Male,,27/10/2025,Town & Country,Chrysler,2525 GREENBAY ROAD
Lilas Sides,99 Twin Pines Terrace,965 612 5781,lsides3w@nydailynews.com,,LKHA,,,,17/09/2025,,Jaguar,
Florina Balsom,2393 Superior Hill,665 998 0134,fbalsom3x@networksolutions.com,,NBH01,,Female,693 513 8276,1/10/2025,Cooper Clubman,,"PO BOX 27025, VA2-430-01-01"
Morlee De Malchar,18415 Carberry Parkway,,mde3y@amazon.de,,,,Male,,26/10/2025,Avalanche,,PO BOX 1578
Roz Russon,377 Northland Plaza,871 542 4827,,,LKHA,,Female,,26/12/2024,Galant,Mitsubishi,P.O. BOX 398
Anette Ashling,89283 Sunfield Plaza,,aashling40@dropbox.com,,NBH01,,Female,733 435 7578,14/07/2025,,Ford,"51, Avenue J.F. Kennedy"
Marrilee Dollard,63852 Armistice Place,658 233 2665,mdollard41@wix.com,,LKHA,,Female,,3/3/2025,Lumina,Chevrolet,Große Straße 2-3
Genevra Klaaassen,056 Warbler Pass,,,,,,Female,,2/4/2025,Bonneville,Pontiac,EA2W40
Wenonah Scryne,985 Carpenter Street,218 520 1127,wscryne43@wix.com,,VIP,,Female,,22/06/2025,Sidekick,Suzuki,"VIA MACHIAVELLI, 4"
Hannah Kilbride,9803 Ludington Hill,,hkilbride44@1688.com,,,,,940 956 7838,1/11/2025,Tracer,Mercury,1200 E WARRENVILLE ROAD
Rickie Whyatt,3964 Bunting Pass,286 433 4504,,,NBH01,,Male,,14/10/2025,CX-7,Mazda,56-59 St Stephen's Green
Bank Dowey,35117 Schurz Terrace,776 257 6096,bdowey46@un.org,,LKHA,,Male,,10/7/2025,Ram 1500,Dodge,Simon Carmiggeltstraat 6
Kary Brinded,6 Brickson Park Road,,kbrinded47@studiopress.com,,,,Female,,28/06/2025,,Lexus,"Schupstraat, 18-20"
Dare Mapson,83491 Transport Terrace,526 197 7862,dmapson48@sourceforge.net,,NBH01,,Male,,30/05/2025,,Toyota,CORSO MATTEOTTI 2A
Milena Hassell,44 Corry Place,256 417 6312,mhassell49@cbslocal.com,,,,Female,,1/9/2025,Estate,Buick,PO BOX 10566
Holli Dorr,68 Gateway Court,199 970 1398,hdorr4a@princeton.edu,,LKHA,,Female,202 859 3138,19/11/2024,Clubman,MINI,
Dunstan Fedoronko,7212 Emmet Court,905 813 2428,dfedoronko4b@w3.org,,,,Male,,7/11/2025,57,Maybach,ONE N.E. COURT
Wit Snoddin,9268 Gina Pass,304 832 8025,wsnoddin4c@ucoz.com,,LKHA,,,,27/07/2025,Continental,Bentley,ROP440
Norry Works,88 Portage Alley,816 411 2020,nworks4d@nih.gov,,VIP,,Male,,15/05/2025,GS,Lexus,50 NORTH THIRD ST
Brien Casaletto,411 Brickson Park Road,181 998 3382,bcasaletto4e@bizjournals.com,,LKHA,,Male,,19/08/2025,645,BMW,214 NORTH HOUSTON STREET
Jourdain Gault,24049 Crest Line Lane,979 693 3346,,,,,Male,837 784 0055,26/02/2025,Patriot,Jeep,Arabellastraße 12
Cleon Esche,8 Monument Alley,222 140 5670,cesche4g@smh.com.au,,,,,,30/05/2025,S40,Volvo,
Gianina Dirkin,2178 Gerald Hill,721 554 5022,gdirkin4h@earthlink.net,,,,Female,,11/6/2025,,Lincoln,18479 MAIN ST
Sander Garbert,811 Ramsey Terrace,633 933 7046,sgarbert4i@npr.org,,VIP,,Male,,19/02/2025,Astro,Chevrolet,Engerstraße 5
Elfrida Keysel,404 Sachtjen Park,370 359 3443,ekeysel4j@jugem.jp,,LKHA,,Female,,5/8/2025,,,"Hauptpl., 3"
Elysee Courtin,4 Nelson Road,690 589 3871,,,NBH01,,Female,,25/09/2025,D150,Dodge,Hodžova 11
Hillyer De Rechter,17726 Graceland Place,252 254 2403,hde4l@patch.com,,NBH01,,Male,146 726 3349,20/04/2025,XC90,Volvo,Georg-Dreke-Ring 62
Boris Burnand,,199 313 7466,bburnand4m@upenn.edu,,NBH01,,Male,,3/5/2025,Tiburon,Hyundai,Königinstraße 17
Gaile Aistrop,56964 Eggendart Drive,326 729 1265,gaistrop4n@xing.com,,VIP,,Male,,1/12/2024,940,Volvo,
Elisha Chater,74 Blackbird Circle,788 776 1175,echater4o@unc.edu,,,,,725 897 1896,20/11/2024,S4,Audi,17555 NE SACRAMENTO ST
Zackariah McWhan,14462 Fairview Drive,139 106 2111,zmcwhan4p@wunderground.com,,,,Male,146 571 9145,18/03/2025,RAV4,Toyota,
Osgood Matelyunas,7447 3rd Plaza,992 109 7714,omatelyunas4q@cnet.com,,VIP,,,,1/5/2025,RL,Acura,"Rheinstraße, 11"
Giulia Clough,39 Lake View Center,931 677 8574,,,,,Female,,11/12/2024,Sable,Mercury,PIAZZA FILIPPO MEDA 4
Stacy Croizier,,359 202 6599,scroizier4s@webeden.co.uk,,VIP,,Female,832 373 7146,6/6/2025,Titan,Nissan,PO BOX 397
Hart Fery,2277 Kings Center,587 151 5104,hfery4t@newyorker.com,,VIP,,Male,,22/12/2024,Sportage,Kia,24 RUE DES CAPUCINES
Alli Taig,78282 Kennedy Hill,888 722 9271,,,LKHA,,Female,,15/04/2025,Odyssey,Honda,
Lizabeth Pimerick,6 Hintze Crossing,536 121 1768,lpimerick4v@twitpic.com,,NBH01,,Female,540 275 5733,24/10/2025,1500,Ram,
Ashley Ibbett,237 Garrison Alley,543 443 0127,aibbett4w@wsj.com,,VIP,,Male,,29/07/2025,Grand Marquis,Mercury,
Yalonda Asp,31 Jenifer Terrace,127 717 0008,yasp4x@ucla.edu,,NBH01,,Female,676 577 0853,11/2/2025,Park Avenue,Buick,
Ruttger Dobrovolski,,,,,NBH01,,Male,206 958 5841,,,Pontiac,"Hauptstr., 2"
Royal Syne,97891 Anderson Plaza,214 457 1773,rsyne4z@reddit.com,,LKHA,,Male,,27/02/2025,Transit Connect,Ford,2465 RUSER RD
Juliana Panyer,713 Stoughton Center,837 435 6520,jpanyer50@technorati.com,,,,Female,,9/10/2025,MKZ,Lincoln,"VIA VENTI SETTEMBRE, 30"
Dahlia Filippazzo,2648 Esch Crossing,,dfilippazzo51@twitter.com,,,,Female,,2/3/2025,,Infiniti,Bredgade 10
Keefer Hoopper,84235 Banding Way,609 216 8177,khoopper52@huffingtonpost.com,,,,Male,,29/10/2025,Bonneville,Pontiac,Hauptstraße 8
Hattie Carville,605 Transport Court,658 323 8143,hcarville53@odnoklassniki.ru,,LKHA,,Female,,5/7/2025,Corvette,Chevrolet,VIALE ANTONIO GRAMSCI 34
Georgeanne Havelin,,957 155 8931,ghavelin54@toplist.cz,,,,Female,416 530 2332,20/02/2025,Accent,Hyundai,301 E MAIN ST
Arlene Tenpenny,,386 659 5062,atenpenny55@last.fm,,NBH01,,Female,,24/04/2025,Taurus,Ford,200 WEST CONGRESS STREET
Galven Jeandet,7393 Northport Point,644 843 6414,gjeandet56@google.es,,VIP,,Male,952 131 0818,9/4/2025,TT,Audi,"VIALE UMBERTO I, 53"
Merla Bigley,88 Carey Plaza,323 110 5551,mbigley57@uiuc.edu,,LKHA,,Female,,7/10/2025,Savana 1500,GMC,PIAZZA SOLFERINO 11
Marylou McQuorkel,3032 Montana Avenue,679 588 6084,mmcquorkel58@hhs.gov,,,,Female,,,Ridgeline,Honda,2910 W JACKSON STREET
Margarette Gosnold,2 Union Court,156 555 5311,mgosnold59@sun.com,,NBH01,,Female,625 920 3554,,Touareg,Volkswagen,Martinstraße 10
Johanna Sperring,8 Hoepker Way,186 200 9743,,,VIP,,Female,451 646 9148,21/02/2025,Sonata,Hyundai,P O BOX 369
Bjorn Naisbit,2406 Randy Circle,500 843 3456,bnaisbit5b@bloomberg.com,,,,Male,613 451 7612,,1 Series,BMW,P.O. BOX 398
Fay Kitt,4829 Daystar Parkway,718 327 6334,fkitt5c@cyberchimps.com,,,,,,22/03/2025,Baja,Subaru,P.O. BOX 398
Ag Ganforth,,751 993 6258,aganforth5d@gizmodo.com,,NBH01,,Female,601 560 8816,30/03/2025,Grand Prix,Pontiac,Eisenberger Straße 66
Lambert Roff,21 Bluejay Point,,lroff5e@cornell.edu,,,,Male,,,Cooper,MINI,"Roßmarkt, 11"
Gil Maccaig,65828 Green Street,608 384 7448,gmaccaig5f@bizjournals.com,,VIP,,Male,,8/5/2025,XJ Series,Jaguar,
Gertie Buessen,930 Garrison Road,163 647 4657,gbuessen5g@rambler.ru,,VIP,,Female,163 893 9860,23/01/2025,Escape,,"RUA TIERNO GALVAN, TORRE 3, 11º PISO"
Merv Clinning,70 Gerald Avenue,887 450 1083,mclinning5h@dailymail.co.uk,,LKHA,,,,11/12/2024,S60,Volvo,"VIALE ALTIERO SPINELLI, 30"
Rosy Hallowell,,569 426 7397,rhallowell5i@nature.com,,VIP,,Female,,15/04/2025,,Toyota,102 BYPASS PLAZA
Rosemary Attwill,598 Anzinger Court,307 867 3760,rattwill5j@chicagotribune.com,,LKHA,,Female,875 282 2541,8/1/2025,GX,Lexus,1229 S. BLACK HORSE PIKE
Phillipe Mizzen,5558 Katie Park,,pmizzen5k@si.edu,,,,,,9/7/2025,CX-7,,211 BURNETTE ST
Caddric Canada,978 Westport Circle,582 923 5725,ccanada5l@vkontakte.ru,,LKHA,,Male,,1/9/2025,G,Infiniti,SUITE 330
Ezechiel Pagden,1023 Old Shore Place,665 330 4516,epagden5m@aol.com,,,,Male,,14/07/2025,Avanti,Studebaker,925 WISCONSIN AVENUE
Lindi Kay,,968 995 5397,lkay5n@cisco.com,,,,Female,,9/9/2025,F150,Ford,PO BOX 67
Glennie Shelp,2271 Eggendart Road,259 217 9755,,,VIP,,Female,748 200 2012,12/5/2025,,Mitsubishi,9300 FLAIR DRIVE  4TH FLOOR
Melonie Work,,,mwork5p@infoseek.co.jp,,NBH01,,Female,,23/08/2025,LUV,Chevrolet,P7-PFSC-03-H
Shem Paolinelli,474 Everett Plaza,567 260 3473,spaolinelli5q@mashable.com,,,,Male,950 958 7616,24/11/2024,Sentra,Nissan,PO BOX 1050
Normy Flaubert,,440 830 1740,,,VIP,,Male,,24/04/2025,5-Sep,Saab,SECOND FLOOR
Giacopo Manketell,2 Delaware Street,670 282 3011,gmanketell5s@theatlantic.com,,,,Male,,6/2/2025,Yukon,GMC,P O BOX 507
Abbey Woodes,34894 Kedzie Plaza,842 785 1496,awoodes5t@mapquest.com,,LKHA,,Female,,10/3/2025,,Dodge,5050 KINGSLEY DRIVE
Gaven Jancso,4 Fisk Avenue,208 271 4548,gjancso5u@economist.com,,,,Male,538 866 2414,18/07/2025,3-Sep,Saab,"Hoveniersstraat, 29"
Renata Cornu,60970 Bashford Crossing,759 394 8365,rcornu5v@discuz.net,,,,Female,,30/09/2025,Continental Super,Bentley,MAC N9301-041
Ahmed Belf,9303 Monica Plaza,,abelf5w@myspace.com,,LKHA,,Male,855 178 1048,27/07/2025,Continental Mark VII,Lincoln,717 N MAIN ST
Fenelia Carpenter,,,fcarpenter5x@github.io,,LKHA,,Female,,1/9/2025,Discovery,,
Jock Albany,64227 Sommers Avenue,102 743 9870,jalbany5y@wp.com,,VIP,,Male,,,Mentor,,Hauptstraße 87
Krystle Grosvener,4288 Gateway Avenue,283 498 0416,kgrosvener5z@wix.com,,NBH01,,Female,842 750 3455,18/02/2025,Express 3500,Chevrolet,"VIALE ALTIERO SPINELLI, 30"
Carlyle Udy,,136 985 1316,cudy60@hibu.com,,VIP,,Male,,13/03/2025,,,
Frederick Prantoni,14 Leroy Center,799 111 3475,fprantoni61@abc.net.au,,VIP,,Male,,12/9/2025,,Nissan,
Baxie Iacoviello,0 Sugar Drive,549 294 8593,biacoviello62@japanpost.jp,,LKHA,,Male,936 867 4208,24/05/2025,G-Class,Mercedes-Benz,2910 W. JACKSON ST
Colman Covendon,7 Homewood Way,574 683 1602,ccovendon63@vimeo.com,,LKHA,,Male,,13/01/2025,C-Class,Mercedes-Benz,PO BOX 27
Bron Gley,52 Autumn Leaf Lane,,,,NBH01,,Male,,11/11/2025,Axiom,,
Franciskus Florio,9 Merry Place,580 780 5165,fflorio65@mysql.com,,VIP,,Male,,6/2/2025,tC,Scion,Augsburger Straße 33-35
Maribeth Wichard,2943 Bultman Center,646 665 5546,mwichard66@quantcast.com,,VIP,,Female,,17/12/2024,,Chevrolet,"AV JOAN CARLES I, 18"
Emory Hallgate,452 Buhler Crossing,608 555 2681,ehallgate67@mozilla.org,,NBH01,,,437 697 1351,8/1/2025,,Saturn,2008 RONALD REAGAN
Cully Frostdyke,89 Upham Street,946 338 1639,cfrostdyke68@opera.com,,LKHA,,Male,,,Rally Wagon 1500,GMC,DAC 28
Ambrosius Helleckas,929 Mccormick Road,212 722 5792,ahelleckas69@dion.ne.jp,,NBH01,,Male,,13/03/2025,Corolla,Toyota,5050 KINGSLEY DRIVE
Riordan Kingswoode,605 Fordem Crossing,431 789 4793,rkingswoode6a@census.gov,,NBH01,,,594 165 2125,18/07/2025,Precis,Mitsubishi,500 ROSS ST.
Victoir Bingell,167 Florence Court,,vbingell6b@opensource.org,,NBH01,,Male,,29/01/2025,RAV4,Toyota,
Burch Serot,046 Melby Point,466 635 9410,bserot6c@example.com,,,,Male,943 856 6738,15/06/2025,Jetta,Volkswagen,
Blake Tash,,909 989 0956,btash6d@xrea.com,,VIP,,Male,,19/02/2025,EXP,Ford,Kesselbrink 1
Elwin Cowperthwaite,78 Nancy Court,754 500 9129,ecowperthwaite6e@flickr.com,,,,Male,423 382 4908,27/06/2025,M3,BMW,P O BOX 79
Putnam Inker,,994 716 7698,pinker6f@goo.ne.jp,,NBH01,,,281 265 3653,13/07/2025,Santa Fe,Hyundai,116 W SUMNER
Ynes Cammoile,6 Harbort Plaza,972 959 9684,ycammoile6g@indiegogo.com,,VIP,,Female,,11/7/2025,Prowler,Plymouth,245 BELGRADE AVE
Nance Hubball,2 Fisk Lane,295 474 5669,nhubball6h@freewebs.com,,NBH01,,,977 186 4313,23/03/2025,B9 Tribeca,Subaru,
Martica Bricksey,16 Tennessee Plaza,721 863 3881,mbricksey6i@blogspot.com,,NBH01,,Female,,19/07/2025,Shadow,Dodge,1835 NORTH VALLEY MILLS DRIVE
Henrie Scrigmour,6628 Norway Maple Drive,,hscrigmour6j@virginia.edu,,NBH01,,Female,500 670 5331,2/12/2024,EX,Infiniti,PIAZZA FILIPPO MEDA 4
Winthrop Drakes,1 Buhler Court,986 261 5142,wdrakes6k@mediafire.com,,LKHA,,Male,,15/02/2025,Escort,Ford,DAC 28
Arleyne Aldam,59558 Holmberg Place,328 452 5983,aaldam6l@dmoz.org,,VIP,,Female,,,Dakota,Dodge,Hauptstraße 31
Sharline Wildbore,233 Coolidge Pass,978 216 3082,swildbore6m@booking.com,,LKHA,,Female,240 947 8320,7/3/2025,Beretta,Chevrolet,
Emmie Langan,9793 Talmadge Court,548 484 9680,elangan6n@mozilla.com,,NBH01,,Female,,3/6/2025,Mazda6 Sport,Mazda,"Bahnhofstrasse, 22"
Buddie Puddefoot,592 Annamark Pass,927 216 2842,bpuddefoot6o@soup.io,,,,Male,,21/06/2025,Sable,,ACH OPERATIONS 100-99-04-10
Orton Cowope,26922 Saint Paul Junction,306 337 0999,ocowope6p@walmart.com,,NBH01,,Male,,22/12/2024,525,BMW,200 W CONGRESS STREET
Rhona Abel,6 Dixon Way,140 497 3599,rabel6q@sciencedaily.com,,NBH01,,Female,,13/08/2025,Probe,Ford,"Kornplatz, 9"
Cord Parmby,864 Nevada Circle,117 260 9223,,,VIP,,Male,676 414 1247,25/10/2025,Sienna,Toyota,312 SOUTH DAVIS
Caldwell Concannon,92 Lien Drive,283 389 2045,cconcannon6s@adobe.com,,NBH01,,,,23/02/2025,4Runner,Toyota,500 ROSS ST.
Davita Edmenson,2 Swallow Lane,793 944 7368,dedmenson6t@desdev.cn,,,,Female,,19/02/2025,,Kia,PO BOX 1890
Adore Ganing,33156 Caliangt Lane,759 940 2515,aganing6u@cbslocal.com,,NBH01,,Female,,15/02/2025,Excel,Mitsubishi,101 EAST MAIN
Patric Filipchikov,77626 Brown Hill,865 551 8581,pfilipchikov6v@craigslist.org,,,,Male,608 195 8747,17/11/2025,Fox,Volkswagen,80 SUGAR CREEK CENTER BLVD
Alaine Showalter,7 Ludington Center,836 212 8596,ashowalter6w@si.edu,,,,Female,,11/7/2025,Allante,Cadillac,
Avigdor Biagioni,1 Messerschmidt Circle,291 512 2193,abiagioni6x@bravesites.com,,LKHA,,Male,,17/07/2025,Elantra,Hyundai,"Untere Hauptstraße, 36"
Rice Frisch,5651 Sugar Crossing,217 565 4411,rfrisch6y@qq.com,,,,Male,,23/07/2025,Versa,Nissan,P7-PFSC-03-H
Gerick Martinovic,7160 Anniversary Center,245 641 8489,gmartinovic6z@symantec.com,,VIP,,Male,351 646 0015,21/02/2025,Ranger,Ford,56 RUE DE LILLE
Crysta Charker,,428 558 8855,ccharker70@cbslocal.com,,VIP,,Female,,,Murano,,"VIA IV NOVEMBRE, 108"
Trever Edwinson,170 Bultman Crossing,222 607 7888,tedwinson71@wikimedia.org,,NBH01,,Male,,1/1/2025,Taurus X,Ford,"35a, avenue J.F. Kennedy"
Mason Ludlom,2 Victoria Pass,268 697 6656,mludlom72@auda.org.au,,VIP,,Male,758 232 2527,3/1/2025,Enclave,Buick,Ecke Schenkelstraße/Zehnthofstraße
Claresta Cowope,70352 Riverside Lane,,ccowope73@webs.com,,NBH01,,Female,,1/10/2025,Cabriolet,Volkswagen,PO BOX 38
Dorise Feek,42 Florence Drive,530 349 5772,dfeek74@jalbum.net,,VIP,,Female,377 854 7573,2/10/2025,Eurovan,Volkswagen,
Garwin Jailler,3024 Melody Alley,132 754 6902,gjailler75@trellian.com,,VIP,,Male,166 121 4763,,E150,Ford,P.O. BOX 1377
Temple Degan,65 Lotheville Center,469 972 8760,tdegan76@friendfeed.com,,,,Male,,10/8/2025,Sierra 1500,GMC,Cuvrystraße 53
Claretta Shippey,,982 818 2470,cshippey77@bigcartel.com,,VIP,,Female,763 500 8641,13/01/2025,Insight,,111 SYLVAN AVE
Natasha Lesley,5 Nova Hill,795 310 0857,nlesley78@nature.com,,VIP,,Female,,6/12/2024,Eclipse,Mitsubishi,PO BOX 4748
Hephzibah Allans,74 Meadow Vale Street,381 604 4410,hallans79@cdbaby.com,,LKHA,,Female,227 468 3982,9/10/2025,QX56,Infiniti,1200 E. WARRENVILLE RD
Bea Dyott,6200 Lakewood Hill,484 747 5977,bdyott7a@simplemachines.org,,NBH01,,Female,,30/12/2024,,,13 BOULEVARD HAUSSMANN
Madelaine Skatcher,31 Lyons Trail,,mskatcher7b@angelfire.com,,NBH01,,Female,,,Corolla,Toyota,Bezirksstraße 46
Andrea McAvin,7117 Clove Court,406 505 7730,amcavin7c@answers.com,,LKHA,,Male,,6/10/2025,Millenia,Mazda,600 JAMES S. MCDONNELL BLVD
Kelly Pee,00 Harper Center,737 794 5002,kpee7d@nps.gov,,VIP,,Male,,13/06/2025,Phantom,Rolls-Royce,P O BOX 910
Sherwood Haggarth,44508 Erie Road,,shaggarth7e@google.cn,,LKHA,,Male,477 177 8038,3/12/2024,Lancer Evolution,Mitsubishi,PIAZZA FILIPPO MEDA 4
Jena Ginnety,207 Meadow Valley Junction,164 174 3665,jginnety7f@usa.gov,,NBH01,,Female,,29/05/2025,Astro,Chevrolet,Anger 25/26
Patton Sincock,101 Dunning Circle,882 744 8923,psincock7g@dailymotion.com,,LKHA,,Male,133 873 8934,5/11/2025,Elantra,Hyundai,Prinses Beatrixlaan 35
Joela Bartalin,98 Service Center,190 481 7081,jbartalin7h@prweb.com,,VIP,,Female,,12/7/2025,Continental,Lincoln,
Cortie Ramsted,8440 Vahlen Terrace,242 313 6066,cramsted7i@dion.ne.jp,,,,Male,,4/7/2025,Explorer,,ul. Płocka 4
Clea Gribbell,26 Nancy Way,785 317 6868,cgribbell7j@storify.com,,NBH01,,Female,,,Armada,Nissan,Norrmalmstorg 1
Andrey MacCaig,0738 Mayfield Avenue,179 869 1300,amaccaig7k@virginia.edu,,LKHA,,,359 671 1110,7/2/2025,Chariot,Mitsubishi,STE B
Archibald Lejeune,19 Golf Junction,115 590 2645,alejeune7l@gravatar.com,,NBH01,,Male,,,Brat,Subaru,Croeselaan 18
Pris Honeywood,29 Crownhardt Junction,970 572 1530,phoneywood7m@addthis.com,,VIP,,Female,675 572 3686,22/11/2024,H1,Hummer,PO BOX 7005
Felicdad Franek,5391 West Place,858 374 7594,ffranek7n@patch.com,,VIP,,Female,,12/1/2025,RX Hybrid,Lexus,"Sparkassenplatz, 1"
Roscoe Krugmann,,702 433 3285,,,VIP,,Male,,4/12/2024,Bronco II,Ford,320 N MAIN
Micky Crowest,31 Golf Pass,825 732 1924,mcrowest7p@webeden.co.uk,,LKHA,,,,22/07/2025,Firefly,Pontiac,SUITE 330
Jeanelle Tunn,,742 475 9908,jtunn7q@cnn.com,,LKHA,,Female,,19/11/2024,SX4,Suzuki,Maximilianstraße 38
Crysta Sidney,5085 Melby Terrace,726 388 9356,csidney7r@yandex.ru,,,,Female,,21/12/2024,MX-5,Mazda,ENTREE 2 2 BOULEVARD DE L EUROPE
Koenraad De Bruijn,4 Magdeline Point,695 392 2261,kde7s@yolasite.com,,VIP,,Male,,,Bravada,Oldsmobile,"Franz-Josef-Straße, 8-10"
Lilyan Clayborn,5 Village Court,966 420 0508,lclayborn7t@cpanel.net,,,,Female,,24/01/2025,Boxster,Porsche,PO BOX 910
Jayson Gwinn,0 5th Trail,480 418 4603,jgwinn7u@wisc.edu,,NBH01,,Male,,5/4/2025,,Mazda,ONE COMMUNITY PLACE
Maggie Lilford,96506 Brickson Park Crossing,673 722 8110,,,NBH01,,Female,,24/12/2024,Sierra 1500,GMC,PIAZZA FILIPPO MEDA 4
Gabie Philipeau,5915 Welch Center,880 148 7680,gphilipeau7w@yellowbook.com,,NBH01,,Female,,15/10/2025,Corvette,Chevrolet,Vor dem Tore 10
Sofie Hendrikse,6 Sheridan Circle,851 898 2011,shendrikse7x@stanford.edu,,,,Female,,12/1/2025,Murciélago,Lamborghini,600 JAMES S MCDONNELL BOULEVARD
Pansie Biddlecombe,7277 Rowland Court,332 309 2169,pbiddlecombe7y@example.com,,VIP,,Female,,1/3/2025,xA,Scion,333 E MAIN ST
Orbadiah Gaspar,4 Dennis Hill,,ogaspar7z@reverbnation.com,,VIP,,Male,,13/04/2025,Topaz,Mercury,
Jeremie Piff,43 Riverside Plaza,987 601 6808,jpiff80@apache.org,,,,Male,,16/06/2025,,Suzuki,PO BOX 100
Bale Milam,70448 Northport Hill,325 600 8020,bmilam81@scientificamerican.com,,,,Male,,1/6/2025,Tiburon,Hyundai,400 MAIN AVENUE
Myron Liddle,5603 Colorado Trail,914 430 5489,mliddle82@behance.net,,NBH01,,Male,,21/04/2025,Vandura 3500,GMC,
Ansell Fright,5956 Armistice Drive,766 329 7540,afright83@about.com,,LKHA,,Male,544 182 6839,24/10/2025,62,Maybach,
Belva Searsby,229 Moose Hill,803 880 1405,bsearsby84@soundcloud.com,,LKHA,,,,11/5/2025,Navigator,Lincoln,PIAZZA FILIPPO MEDA 4
Ilse Jossum,6389 8th Point,537 532 3429,,,,,Female,,28/06/2025,Thunderbird,Ford,Vestergade 8 - 16
Halette Eddies,7367 Northport Lane,825 485 0473,heddies86@cam.ac.uk,,NBH01,,Female,,2/5/2025,Pathfinder,Nissan,3618 W JACKSON ST EXT
Bamby Vina,41773 Stang Place,,bvina87@ning.com,,VIP,,Female,,9/4/2025,Q,Infiniti,60 RUE BUISSONNIERE CS 17601
Ariana Grenkov,51391 Blackbird Road,,agrenkov88@nyu.edu,,NBH01,,Female,715 269 4693,11/6/2025,Stratus,Dodge,"PZ DE LA PAU, SN"
Garrard McDowell,,,gmcdowell89@indiegogo.com,,VIP,,Male,,10/8/2025,Maxima,Nissan,Hauptstraße 12
Umberto Strattan,,897 558 6067,ustrattan8a@utexas.edu,,,,Male,,13/08/2025,Highlander,Toyota,17555 NE SACRAMENTO ST
Hewe Postians,759 Myrtle Alley,111 448 5644,hpostians8b@bloomberg.com,,LKHA,,,409 794 5279,24/02/2025,CL-Class,,
Nolan Chorlton,,960 299 5341,nchorlton8c@sourceforge.net,,NBH01,,,732 809 7858,21/06/2025,MR2,Toyota,SUTIE 1500
Isa Widdocks,,,iwiddocks8d@google.com.au,,,,Male,,4/8/2025,Spectra,Kia,P.O. BOX 85139
Ted Bunhill,02493 New Castle Court,207 131 8625,tbunhill8e@blinklist.com,,,,Female,,13/06/2025,XL-7,Suzuki,Sparkassenplatz 1
Nicholas Cheesman,9 Muir Hill,472 869 9739,ncheesman8f@sfgate.com,,VIP,,Male,,20/08/2025,LHS,Chrysler,"Raiffeisenplatz, 1"
Renado Lefeuvre,26028 Summer Ridge Court,376 230 3089,rlefeuvre8g@squarespace.com,,,,Male,,27/09/2025,LTD,,
Tann Kinchley,9 Crownhardt Place,933 485 8426,tkinchley8h@engadget.com,,LKHA,,Male,,20/10/2025,4Runner,Toyota,"Hauptstraße, 39"
Trace Curtin,730 Schurz Circle,,,,VIP,,Male,541 981 8022,24/02/2025,E350,Ford,"Ing. Ludwig Pech-Straße, 1"
Marina Benion,6415 Susan Drive,296 695 6506,mbenion8j@jimdo.com,,,,,,2/8/2025,S6,Audi,Bahnhofstraße 27
Thorny Castagnone,3824 John Wall Crossing,429 426 7495,tcastagnone8k@google.ca,,LKHA,,,,4/10/2025,Cabriolet,Volkswagen,"Untere Donaulände, 28"
Bathsheba Entwistle,,848 731 9751,bentwistle8l@naver.com,,,,Female,,16/04/2025,XL-7,Suzuki,7800 E IMPERIAL HWY
Rayshell Sambell,047 Lighthouse Bay Hill,685 748 8467,rsambell8m@cafepress.com,,VIP,,Female,,7/11/2025,750,BMW,P.O. BOX 10566
Mildred Hardey,005 Lukken Point,744 928 8182,mhardey8n@paypal.com,,NBH01,,Female,,24/03/2025,Tundra,Toyota,
Althea Ivanishev,6 Dunning Pass,704 913 3344,aivanishev8o@wix.com,,VIP,,Female,931 575 9527,28/06/2025,SJ,Suzuki,SUITE 300
Felicle Lampet,,161 229 2479,flampet8p@lycos.com,,NBH01,,Female,,10/12/2024,,GMC,8770 TESORO DRIVE
Emilio Jessop,,890 146 4299,ejessop8q@blogger.com,,LKHA,,Male,557 984 5700,4/10/2025,9000,Saab,"VIA CALDERA, 21"
Jennie Sebrook,24711 Texas Place,112 786 7360,jsebrook8r@networksolutions.com,,LKHA,,Female,,21/08/2025,Silverado,Chevrolet,14 AVENUE DU PAVE NEUF CS 10001
Dino Shepland,822 Debra Park,,dshepland8s@mashable.com,,,,Male,,30/09/2025,Swift,Suzuki,11185 FAIRFAX BOULEVARD
Glen Rubenovic,,622 144 4355,grubenovic8t@cbslocal.com,,,,Male,,3/1/2025,XK Series,Jaguar,"Baumgartnerstraße, 1"
Gill Don,1426 Westend Alley,538 975 5992,gdon8u@twitpic.com,,,,,,28/06/2025,Astro,Chevrolet,209 CENTRAL AVE N
Yehudit Bearward,4 Logan Parkway,352 390 0138,ybearward8v@dot.gov,,,,Male,373 983 4951,14/07/2025,Ascender,Isuzu,
Haley Danslow,144 Buell Plaza,151 228 9042,hdanslow8w@meetup.com,,VIP,,Female,,4/7/2025,Civic,,P O BOX 347
Retha Mewburn,538 Talmadge Hill,590 384 5160,rmewburn8x@nifty.com,,VIP,,Female,,4/3/2025,,Mercury,P O BOX 7009
Wells Berling,591 Coleman Plaza,201 598 4349,wberling8y@t.co,,,,Male,,,Savana,GMC,PO BOX 7009
Mead Fasey,,150 626 8501,mfasey8z@omniture.com,,,,Male,205 361 1193,,Express 3500,Chevrolet,3200 WILSHIRE BLVD
Whitby Archambault,795 Fairfield Lane,605 905 7313,,,,,Male,,,Sienna,Toyota,4140 EAST STATE STREET
Vannie Boggers,9438 Killdeer Way,558 840 4805,vboggers91@51.la,,NBH01,,Female,,9/4/2025,Galant,,"Hoveniersstraat, 29"
Lannie Bote,,804 770 7237,lbote92@dropbox.com,,VIP,,Male,,9/12/2024,Galant,Mitsubishi,
Lesya Sabatini,120 Gulseth Trail,954 474 6255,lsabatini93@pcworld.com,,VIP,,Female,,18/09/2025,7 Series,BMW,Franzstraße 8-10
Shana Ghilks,25376 Westridge Circle,555 602 0524,sghilks94@oracle.com,,VIP,,Female,,,,Cadillac,
Rick Thaxton,111 Cascade Alley,965 685 3205,rthaxton95@prnewswire.com,,,,Male,,23/08/2025,Nitro,Dodge,600 UNIVERSITY STREET  SUITE 2323
Antonina Copperwaite,78 Springview Hill,193 502 8849,acopperwaite96@xrea.com,,LKHA,,Female,,4/7/2025,Reno,Suzuki,102 DUFFY AVENUE
Herve Allsebrook,7978 Dennis Parkway,734 200 4898,hallsebrook97@wordpress.org,,NBH01,,Male,559 752 3874,,9-7X,Saab,"PO BOX 27025, VA2-430-01-01"
Barbabas Woodyer,7 Oneill Center,567 883 8776,bwoodyer98@google.fr,,VIP,,Male,,17/05/2025,350Z,Nissan,"Ringstraße, 8"
Ceil Couve,6 Stone Corner Trail,345 666 1571,ccouve99@gmpg.org,,NBH01,,Female,,7/11/2025,Civic,,"Hauptstraße, 39"
Kimbell Minthorpe,8 Utah Junction,160 779 4290,kminthorpe9a@noaa.gov,,VIP,,Male,,14/12/2024,Ranger,Ford,535 BENT AVE
Aile Smithin,85810 Oak Center,214 274 7326,asmithin9b@yahoo.com,,LKHA,,Female,736 813 5989,,SL-Class,Mercedes-Benz,24010 PARTNERSHIP BLVD
Moises Bottinelli,3440 Manitowish Crossing,590 616 4504,mbottinelli9c@twitpic.com,,LKHA,,Male,,5/6/2025,Sierra,GMC,"PZ DEL ALTOZANO, 22"
Florry Raft,5 Mockingbird Avenue,600 433 8203,fraft9d@gravatar.com,,NBH01,,Female,571 413 3992,11/8/2025,Suburban 1500,Chevrolet,
Oberon Knowlden,1980 Pleasure Junction,612 154 3075,oknowlden9e@flickr.com,,VIP,,,,5/7/2025,Legacy,,1151 W. HIGHWAY 77
Amelina Fenners,7 Mifflin Circle,656 533 6237,,,,,Female,812 313 8953,,,Lotus,"PIAZZA DOTT. WEISER, 9"
Earlie Saffe,2 Nobel Park,831 485 2793,esaffe9g@mozilla.com,,VIP,,Male,433 549 8010,22/08/2025,Rio,Kia,Bregenzer Straße 29
Gaston Addicote,70 Ridge Oak Crossing,816 553 3134,gaddicote9h@amazon.co.uk,,,,,,17/09/2025,E150,Ford,MAC N9301-041
Claiborn Dunbobbin,6514 Nelson Circle,,cdunbobbin9i@psu.edu,,VIP,,Male,,27/09/2025,Mazdaspeed 3,Mazda,Hauptstraße 63
Mart Verbruggen,09286 International Lane,945 693 7520,mverbruggen9j@ca.gov,,,,Male,,2/11/2025,Spyder,Maserati,Hauptstraße 131-137
Kennedy Quilkin,78 Portage Hill,441 326 3895,kquilkin9k@liveinternet.ru,,,,Male,,5/7/2025,Corvette,Chevrolet,SUITE 300
Fanchon Ericsson,4 Rusk Street,353 832 1591,fericsson9l@chronoengine.com,,,,Female,,26/11/2024,,Honda,"CI ADUANA, 18"
Luci Rosbotham,2107 Morrow Avenue,296 406 9589,lrosbotham9m@harvard.edu,,VIP,,Female,823 419 2217,31/01/2025,Crown Victoria,Ford,
Tine Stuckford,979 Vera Road,404 296 9589,tstuckford9n@nasa.gov,,NBH01,,Female,632 253 1187,,Esprit,Lotus,PO BOX 77
Manolo Peteri,4 Village Plaza,780 484 8110,mpeteri9o@smugmug.com,,NBH01,,Male,,23/07/2025,5 Series,BMW,P.O. BOX 1377
Morie Steketee,359 Bluestem Crossing,889 779 8251,msteketee9p@weather.com,,VIP,,Male,,18/11/2025,,Hyundai,SUITE 100
Angelica Ingles,,274 624 7767,aingles9q@mashable.com,,VIP,,Female,,,Corvette,Chevrolet,PIAZZA FILIPPO MEDA 4
Gypsy Kedslie,41350 West Road,393 408 8364,gkedslie9r@hp.com,,NBH01,,Female,,25/03/2025,Ion,Saturn,Kurfürstenanlage 8
Rebekah Crass,45 Thackeray Lane,620 208 3557,rcrass9s@amazon.de,,VIP,,,,12/1/2025,190E,Mercedes-Benz,110 S FERRALL STREET
Rooney Rojahn,,822 916 2611,rrojahn9t@gov.uk,,,,Male,,13/10/2025,Highlander,Toyota,
Tito Haseley,1 Nevada Terrace,707 551 5355,thaseley9u@ebay.co.uk,,LKHA,,,,12/9/2025,Galant,Mitsubishi,P O BOX 409
Harriett Mallett,24 West Circle,896 818 6704,hmallett9v@dmoz.org,,NBH01,,Female,,7/3/2025,Jimmy,GMC,P7-PFSC-03-H
Vachel Valett,526 Lukken Place,,vvalett9w@google.com.hk,,NBH01,,Male,,11/1/2025,,Ford,Hamnbanegatan 5
Bryana Gridon,211 Bowman Hill,303 392 9576,,,LKHA,,Female,933 453 4368,2/10/2025,Escalade ESV,Cadillac,P O BOX 10566
Bail Braden,2 West Road,936 653 2083,bbraden9y@cbslocal.com,,NBH01,,Male,,25/03/2025,Express 3500,Chevrolet,
Pris Gayler,368 Havey Drive,451 179 5160,pgayler9z@hao123.com,,NBH01,,Female,,9/9/2025,M6,BMW,PO BOX 550
Keen Silman,22586 Manufacturers Plaza,856 438 4559,ksilmana0@google.com.au,,LKHA,,Male,,5/4/2025,3 Series,BMW,38 AVENUE DES CHAMPS ELYSEES
Rosalyn Guilbert,645 Sunfield Court,519 517 6390,rguilberta1@fema.gov,,NBH01,,Female,,29/09/2025,Freestar,,100 PINNACLE PLACE
Kore Biddulph,155 Golf Course Trail,,kbiddulpha2@businessweek.com,,LKHA,,Female,982 225 8120,19/01/2025,Escort,Ford,100 NORTH PHILIPS AVENUE
Harv Wheble,38149 Golf Alley,653 858 1006,hwheblea3@fastcompany.com,,VIP,,Male,,,,Dodge,102 WEST BLUFF ST
Tansy Croot,74 Lyons Trail,357 875 6475,,,,,Female,,,Seville,Cadillac,"FIRST FLOOR, CONNAUGHT HOUSE, 1 BURLINGTON ROAD"
Lilllie Lindberg,83221 Upham Point,554 901 4041,llindberga5@hatena.ne.jp,,NBH01,,Female,,31/01/2025,Passat,Volkswagen,
Darya Davidsohn,165 Old Gate Trail,721 734 2724,ddavidsohna6@wisc.edu,,,,Female,,13/08/2025,HHR,Chevrolet,4 RUE LOUIS BRAILLE
Taddeusz Le Galle,78076 Melvin Trail,563 373 4053,tlea7@bing.com,,VIP,,Male,,30/10/2025,Sonata,Hyundai,"Ringstraße, 8"
Eolanda Gherardesci,1061 Cherokee Pass,,egherardescia8@nyu.edu,,,,Female,444 897 5453,19/09/2025,Colorado,Chevrolet,
Brandy Abele,26 Reinke Trail,366 300 4574,babelea9@cornell.edu,,NBH01,,Female,,21/09/2025,XJ Series,Jaguar,Radlická 751/113e
Dode Ledwith,516 Welch Lane,207 285 3458,dledwithaa@xing.com,,VIP,,Female,,,Optima,Kia,PIAZZA FILIPPO MEDA 4
Essie Cloute,,454 946 3138,eclouteab@quantcast.com,,VIP,,Female,,7/11/2025,S40,,1809 RED CRUCE COURT
Rosina Moreno,81652 International Parkway,,rmorenoac@tiny.cc,,VIP,,Female,,29/08/2025,Savana 3500,GMC,PO BOX 278
Jeri Aitchison,370 Toban Street,928 457 0606,jaitchisonad@usatoday.com,,LKHA,,Female,,16/12/2024,Milan,,P.O. BOX 1377
Jermain Tombleson,7 Vermont Crossing,949 428 1834,jtomblesonae@java.com,,LKHA,,Male,365 161 4965,9/2/2025,Lanos,Daewoo,1460 VALLEY ROAD
Brietta Schenfisch,30674 Jackson Point,413 341 7914,bschenfischaf@reverbnation.com,,NBH01,,Female,,2/3/2025,Town Car,Lincoln,"PIAZZA SAN CARLO, 156"
Morten Schuler,4218 Coolidge Junction,821 287 3002,mschulerag@a8.net,,LKHA,,Male,,28/09/2025,Caravan,Dodge,324 N 4TH STREET
Joaquin Carlesi,700 Ludington Circle,738 867 9844,jcarlesiah@fema.gov,,LKHA,,,,,TSX,Acura,"PO BOX 27025, VA2-430-01-01"
Brear Garrish,43 Claremont Park,942 453 6118,bgarrishai@deviantart.com,,VIP,,Female,747 865 5282,30/01/2025,A8,Audi,PIAZZA FILIPPO MEDA 4
Edgar Raphael,,833 214 8980,eraphaelaj@gnu.org,,NBH01,,Male,598 227 1745,29/05/2025,SLK-Class,Mercedes-Benz,5050 KINGSLEY DRIVE
Clayton O'Brian,769 Butterfield Court,835 980 1766,cobrianak@rediff.com,,VIP,,Male,,3/5/2025,Continental,Bentley,235 GRIFFIN ST
Myrilla Diboll,99 Blue Bill Park Hill,,mdibollal@pagesperso-orange.fr,,,,Female,,,Precis,Mitsubishi,P7-PFSC-03-H
Tiphany Strainge,68954 Prairie Rose Terrace,,tstraingeam@barnesandnoble.com,,,,Female,316 453 5649,10/5/2025,SC,Lexus,80 SUGAR CREEK CENTER BLVD
Evangelin Kedwell,,360 385 2898,ekedwellan@cbsnews.com,,NBH01,,Female,763 516 1218,12/9/2025,Envoy XL,GMC,Im Heiligengarten 3
Golda Wrotchford,301 Hudson Court,,gwrotchfordao@cmu.edu,,NBH01,,Female,,25/11/2024,tC,Scion,"6, Vrabcha Str."
Dacia Lobbe,80 Colorado Crossing,320 843 9844,dlobbeap@businessinsider.com,,NBH01,,Female,,,SC,Lexus,"Wiedner Gürtel, 11"
Ronni Buglass,4 Bayside Hill,227 105 3509,rbuglassaq@163.com,,,,Female,,12/3/2025,Enclave,Buick,2910 W JACKSON STREET
Dulcea Edwicker,19443 Brickson Park Drive,870 554 5884,dedwickerar@bravesites.com,,VIP,,,872 167 6264,20/08/2025,Laser,Ford,12 PLACE DES ETATS UNIS
Bethena Grahamslaw,686 3rd Alley,355 671 5013,bgrahamslawas@ow.ly,,NBH01,,Female,355 777 4852,9/7/2025,Murciélago,Lamborghini,5050 KINGSLEY DRIVE
Garland Teale,11 Bartillon Avenue,198 321 3443,gtealeat@samsung.com,,NBH01,,Female,,23/01/2025,XJ Series,Jaguar,Lubahnstraße 2
Ariel Cosham,,957 246 5554,acoshamau@etsy.com,,VIP,,Female,,4/4/2025,Continental,,BOX 129
Darb Attenbarrow,00114 4th Drive,489 995 7824,dattenbarrowav@virginia.edu,,NBH01,,Male,,29/01/2025,MX-5,Mazda,P.O. BOX 589
Alfredo Hookes,50 Montana Alley,721 691 6132,ahookesaw@hibu.com,,VIP,,Male,183 660 5667,10/5/2025,Villager,Mercury,Neuer Jungfernstieg 20
Park Cowper,571 Orin Way,360 762 1378,pcowperax@fotki.com,,NBH01,,Male,,15/09/2025,Mulsanne,Bentley,Christstraße 9
Hercules Walenta,132 Bunker Hill Street,622 113 0702,hwalentaay@seesaa.net,,NBH01,,Male,,6/1/2025,RL,Acura,5050 KINGSLEY DRIVE
Talbot Vannar,6 Raven Way,933 138 9030,,,LKHA,,Male,,,Range Rover,Land Rover,203 RUE CARNOT
Reade Tallboy,463 Amoth Junction,249 787 3504,rtallboyb0@goo.gl,,,,Male,,6/12/2024,xD,Scion,Stuttgarter Straße 31
Hubert Hulburd,,242 948 4018,hhulburdb1@people.com.cn,,VIP,,Male,,3/9/2025,,Chrysler,1200 E. WARRENVILLE RD
Baxie Cruttenden,3 Iowa Point,675 255 0085,bcruttendenb2@vk.com,,LKHA,,Male,630 212 7181,22/02/2025,57,Maybach,"116,TRIQ L- ARCISQOF"
Wells Hulkes,2665 Holmberg Junction,906 384 0168,,,LKHA,,Male,231 500 8338,13/07/2025,200,Chrysler,Untere Torstraße 5
Pryce Carstairs,5799 Superior Drive,451 322 9680,pcarstairsb4@comcast.net,,LKHA,,Male,898 903 3793,31/07/2025,S-Series,Saturn,MAC N9301-041
Winnie Kemell,448 Main Pass,,wkemellb5@cargocollective.com,,,,Male,,28/08/2025,1 Series,BMW,Kaiser-Joseph-Straße 186-190
Shannon Corkitt,5 Magdeline Way,196 951 3244,scorkittb6@google.pl,,LKHA,,Male,,21/05/2025,,Chevrolet,Rondo Ignacego Daszyńskiego 2c
Roxine Sammon,17676 Maywood Circle,780 914 4993,rsammonb7@berkeley.edu,,NBH01,,Female,,23/07/2025,Accent,Hyundai,"RUA TIERNO GALVAN, TORRE 3, 11º PISO"
Kym Toppes,46 Havey Lane,780 893 3270,ktoppesb8@jalbum.net,,VIP,,Female,,11/12/2024,XL7,Suzuki,80 SUGAR CREEK CENTER BLVD
Renell Mulleary,24 Moland Street,594 972 5191,rmullearyb9@liveinternet.ru,,LKHA,,Female,304 907 8970,1/2/2025,5-Sep,Saab,PO BOX 4748
Patrick Skrzynski,,892 291 2196,pskrzynskiba@blinklist.com,,VIP,,Male,,10/2/2025,Thunderbird,Ford,1927 GREENSBURG CROSSING
Iolanthe Bahde,7883 Hayes Center,542 345 3422,ibahdebb@list-manage.com,,LKHA,,Female,702 148 8887,28/08/2025,,Mitsubishi,"Ringstraße, 8"
Raviv Steuhlmeyer,54122 Chinook Circle,169 284 9368,rsteuhlmeyerbc@feedburner.com,,LKHA,,Male,194 538 6096,15/12/2024,Stealth,Dodge,2ND FLOOR
Cindee Delieu,76672 Glacier Hill Junction,672 282 3430,cdelieubd@github.com,,,,Female,,,Pajero,Mitsubishi,"Bahnhofstraße, 9"
Bidget Sollom,2 Corscot Avenue,705 590 7124,bsollombe@google.co.jp,,VIP,,Female,,20/05/2025,Stealth,Dodge,601 GUADALUPE STREET
Dulci Bandy,6 American Ash Park,,dbandybf@europa.eu,,LKHA,,Female,,5/1/2025,,,203 RUE CARNOT
Kimberlyn Ambrosoli,35 Nancy Center,,kambrosolibg@elpais.com,,,,Female,130 545 9923,15/04/2025,Blazer,Chevrolet,P7-PFSC-03-H
Dwayne Stather,8 Northland Avenue,448 931 0215,dstatherbh@gravatar.com,,,,Male,,31/12/2024,VS Commodore,Holden,ONE PENN'S WAY
Elwood Lorente,741 Tennyson Place,415 709 2841,elorentebi@last.fm,,VIP,,Male,,29/09/2025,Sentra,Nissan,SUITE 600
Nickey Eede,70871 Judy Avenue,,needebj@senate.gov,,,,,502 648 8766,29/12/2024,Jetta,Volkswagen,401 N MAGUIRE
Pierson Rosborough,322 Jenifer Hill,913 366 7466,prosboroughbk@ihg.com,,LKHA,,Male,,17/03/2025,,Maserati,MS: NY-31-17-0119
Skippy Klesse,11580 Hanover Circle,481 418 3255,sklessebl@oaic.gov.au,,,,Male,,24/11/2024,CX-7,Mazda,"1000 PEACHTREE ST, N.E."
Hewie Powers,466 School Center,260 959 4034,hpowersbm@list-manage.com,,,,Male,,,,Chevrolet,PIAZZA FILIPPO MEDA 4
Ramsay Giacopazzi,3 Almo Street,,rgiacopazzibn@nbcnews.com,,NBH01,,Male,826 683 7557,18/04/2025,Matrix,Toyota,Am Markt 37
Conn Boyce,35095 Mariners Cove Trail,,cboycebo@stanford.edu,,LKHA,,Male,,14/09/2025,RS 6,Audi,"2285 LAKESHORE DRIVE, BUILDING 4"
Sydney Noraway,8478 Summit Crossing,781 296 3334,snorawaybp@unc.edu,,VIP,,Female,408 198 2645,7/10/2025,911,Porsche,3RD FLOOR
Darlene Willson,129 Thackeray Court,,dwillsonbq@amazon.co.uk,,LKHA,,Female,,27/01/2025,Corvair,Chevrolet,115 E MAIN ST
Milt Ciepluch,60508 Shopko Avenue,424 773 3222,mciepluchbr@virginia.edu,,LKHA,,Male,296 750 5036,9/12/2024,Camry,Toyota,12 PLACE DES ETATS UNIS CS 20001
Nollie Treamayne,301 Darwin Lane,940 563 9618,ntreamaynebs@weather.com,,,,,,29/05/2025,S-Series,Saturn,2020 ROSINA ST
Lyssa Ponter,07 Farwell Point,,lponterbt@instagram.com,,NBH01,,Female,,13/05/2025,,Dodge,3RD FLOOR
Edouard Stapleton,31 Upham Terrace,965 905 8290,estapletonbu@imageshack.us,,VIP,,Male,,29/12/2024,Flex,Ford,3802 OAK LAWN AVE
Johnnie Eves,0 Fieldstone Hill,,jevesbv@de.vu,,,,Male,,26/06/2025,Quattroporte,Maserati,5050 KINGSLEY DRIVE
Melisenda Dibble,58280 Bobwhite Terrace,899 419 9538,mdibblebw@slate.com,,,,Female,,,Skylark,Buick,Lilienbeck 8
Nettle Wallach,22278 Harbort Junction,296 212 0093,nwallachbx@deviantart.com,,VIP,,,,26/05/2025,M-Class,Mercedes-Benz,PIAZZA FILIPPO MEDA 4
Ingamar Rewan,895 Mariners Cove Alley,106 851 4130,irewanby@examiner.com,,,,Male,,20/11/2024,Diamante,Mitsubishi,"PIAZZALE DELLA PACE, 1"
Nicholas Lavigne,8 Pawling Hill,506 276 7576,nlavignebz@lycos.com,,NBH01,,Male,,23/08/2025,Elantra,Hyundai,
Zechariah Adel,0 Mayer Terrace,,zadelc0@mtv.com,,LKHA,,Male,,,CL,Acura,Am Fischbrunnen 8
Con Obey,42 Meadow Valley Crossing,615 576 5700,cobeyc1@drupal.org,,VIP,,Male,206 767 5176,25/10/2025,MPV,Mazda,3618 WEST JACKSON ST EXT
Briney Tulloch,323 Florence Way,993 345 6875,btullochc2@bluehost.com,,VIP,,Female,,30/06/2025,Protege,Mazda,"VIA MADONNA DI POMPEI, 4"
Luella Methuen,96 Mayfield Street,368 899 4655,lmethuenc3@dell.com,,VIP,,Female,,16/05/2025,Bonneville,Pontiac,P.O.BOX 4678
Aurelie Meco,63 Esker Court,987 978 1202,amecoc4@liveinternet.ru,,,,Female,516 594 0514,10/3/2025,Caravan,Dodge,Cuvrystraße 53
Fay Fairhall,49844 7th Place,727 847 8649,ffairhallc5@joomla.org,,VIP,,Female,603 877 4702,22/10/2025,,Lexus,P.O. 150097
Lance Birney,66 Mayer Circle,929 615 8333,lbirneyc6@blogs.com,,LKHA,,Male,,14/05/2025,F150,Ford,BOX 269
Floris Vogeler,13 Mockingbird Park,617 320 3731,fvogelerc7@symantec.com,,LKHA,,Female,,27/12/2024,Ram Van B250,Dodge,73 BOULEVARD HAUSSMANN
Liesa Marskell,6 Chinook Trail,865 703 7641,lmarskellc8@epa.gov,,,,Female,,7/5/2025,Escalade,Cadillac,"Bahnstraße, 3"
Selestina Downgate,8547 Nevada Crossing,652 889 0748,sdowngatec9@imageshack.us,,LKHA,,Female,411 500 2947,14/07/2025,,Chevrolet,7 PROMENADE GERMAINE SABLON
Shoshanna Tomaszewicz,17 Dovetail Crossing,897 606 6504,stomaszewiczca@hc360.com,,VIP,,Female,451 764 0532,17/06/2025,Ciera,Oldsmobile,Liivalaia tn 45
Kendre Bartol,4 Mcbride Alley,744 521 4619,kbartolcb@com.com,,,,Female,,22/01/2025,Pacifica,Chrysler,
Eirena Whorf,01011 Delladonna Pass,926 865 2229,ewhorfcc@list-manage.com,,VIP,,,,8/5/2025,MR2,Toyota,3618 WEST JACKSON ST EXT
Tobey Kiwitz,4 Fallview Junction,502 544 7074,,,,,Female,,6/6/2025,Daewoo Lacetti,Suzuki,"VIALE ALTIERO SPINELLI, 30"
Roderigo Elsmere,06379 South Drive,348 433 1974,relsmerece@com.com,,VIP,,,,5/9/2025,GTI,Volkswagen,P O BOX 4748
Timothea Calendar,9614 Glendale Crossing,642 388 4973,tcalendarcf@bravesites.com,,VIP,,Female,,30/04/2025,XJ Series,Jaguar,Box 3616
Bucky Balcers,843 Redwing Park,232 322 7912,bbalcerscg@cocolog-nifty.com,,LKHA,,Male,,29/10/2025,2500 Club Coupe,GMC,One Molesworth Street
Holly-anne Grey,2 Sherman Plaza,235 593 2049,hgreych@jigsy.com,,,,Female,,,Galaxie,Ford,PO BOX 85929
Leila Cogar,92 Dennis Street,392 579 3297,lcogarci@tmall.com,,,,Female,,2/7/2025,Envoy,GMC,"Innovation House, Cherrywood Science and Technology Park"
Jose Scarman,4 Sherman Circle,147 450 1122,jscarmancj@youtu.be,,NBH01,,Male,,9/10/2025,,Chevrolet,101 N PINE RIVER
Briano Dankov,13 Red Cloud Street,,,,NBH01,,Male,,13/09/2025,,GMC,P.O. BOX 681
Meryl Gaze,5059 Aberg Plaza,503 310 4053,,,NBH01,,Male,,2/9/2025,240SX,Nissan,MAC N9301-041
Kristel Tortoise,44 American Ash Center,998 433 4601,,,LKHA,,Female,,18/08/2025,Z4,BMW,12 SOUTH MAIN STREET
Sally Pilkington,1 Blackbird Lane,731 885 8249,spilkingtoncn@sun.com,,NBH01,,,,7/9/2025,SJ 410,Suzuki,Magyar Tudósok körútja 9. G. épület
Harmony Raddan,,488 360 8234,hraddanco@merriam-webster.com,,,,Female,,8/7/2025,Rio,,2 AVENUE GAMBETTA CS 60055 COURBEVOIE
Lillis Galliver,3 Westerfield Circle,181 603 2013,lgallivercp@bloomberg.com,,NBH01,,Female,,19/04/2025,200SX,Nissan,
Rawley McQuilty,,610 733 5437,rmcquiltycq@vistaprint.com,,LKHA,,Male,,31/05/2025,Silverado 2500,Chevrolet,
Caralie Badgers,58 Coleman Street,242 428 4998,cbadgerscr@theatlantic.com,,VIP,,Female,,10/11/2025,Defender,Land Rover,
Alvis Leathe,2 Clemons Alley,426 444 8952,aleathecs@symantec.com,,VIP,,Male,264 770 7504,6/9/2025,Camaro,Chevrolet,
Horatio McKnish,,780 512 1713,hmcknishct@jugem.jp,,LKHA,,Male,711 942 4968,1/9/2025,Vandura G3500,GMC,P7-PFSC-03-H
Darrel Kissack,370 Hooker Place,522 607 2192,dkissackcu@youtube.com,,LKHA,,Male,,24/07/2025,Outback,Subaru,SUITE 600
Rikki Cassey,688 Carberry Park,545 888 1644,rcasseycv@umich.edu,,,,Female,941 467 9353,22/11/2024,Caravan,Dodge,EAST PLAZA
Chrissie Byles,7 Karstens Junction,687 331 0303,cbylescw@unblog.fr,,NBH01,,Male,,28/06/2025,Prelude,Honda,
Carlota Niesing,5856 Clarendon Point,,cniesingcx@simplemachines.org,,,,Female,,15/01/2025,Tempo,Ford,Osterstraße 44-45
Clemmie Train,712 Algoma Avenue,387 408 3632,ctraincy@apple.com,,LKHA,,Female,,29/09/2025,Riviera,Buick,107 W MAIN ST
Lenora Pashba,9 Stang Center,450 476 5887,lpashbacz@yandex.ru,,LKHA,,Female,446 976 0436,22/04/2025,Grand Marquis,Mercury,"Halbenrainer Straße, 2"
Pascale Pestricke,80178 High Crossing Hill,480 369 9325,ppestricked0@google.ru,,,,Male,,,Dakota Club,,
Lonna Sailer,48954 Nelson Road,206 679 7367,lsailerd1@mapquest.com,,,,Female,691 984 0358,3/1/2025,Camry,Toyota,Hauptstraße 101
Christoper Veschi,,941 387 8571,cveschid2@si.edu,,,,Male,,9/1/2025,Sonata,Hyundai,PIAZZA FILIPPO MEDA 4
Valaree Curneen,4834 Elgar Place,511 301 7930,vcurneend3@mayoclinic.com,,,,Female,,3/2/2025,E350,Ford,201 W MAIN STREET
Nevins Clousley,7760 Troy Parkway,848 792 9657,nclousleyd4@sbwire.com,,NBH01,,Male,112 916 7488,15/12/2024,,Subaru,941 CORPORATE CENTER DR.
Merrilee Bowne,8 Weeping Birch Alley,,,,,,,,14/02/2025,B-Series,Mazda,Torvet 5
Joly O'Lehane,4 Upham Center,824 266 9072,,,NBH01,,Female,,11/8/2025,Vigor,Acura,"601 PENN ST., 5TH FLOOR"
Eleanor Dandie,2512 6th Circle,339 182 9799,edandied7@list-manage.com,,,,Female,,14/08/2025,Journey,Dodge,Am Herzogtore 12
Maxwell Colerick,85 Kingsford Place,,mcolerickd8@pen.io,,NBH01,,Male,,18/09/2025,Sidekick,Suzuki,
Brynne Jeffcoate,321 Marquette Park,545 378 2340,bjeffcoated9@woothemes.com,,VIP,,,524 758 4074,,S40,Volvo,"PIAZZALE DELLA PACE, 1"
Ryon Wildblood,5 Buell Hill,,rwildbloodda@addtoany.com,,NBH01,,,,,Mulsanne,Bentley,Bahnhofstraße 9
Nestor Fiddyment,3 Village Place,707 206 8526,,,NBH01,,,,10/12/2024,I,Infiniti,
Meredith Wayt,6 Brown Street,823 169 2781,mwaytdc@howstuffworks.com,,VIP,,Male,562 812 3225,8/1/2025,300M,Chrysler,Holzhofstraße 4
Nathalia Wildber,568 Briar Crest Parkway,776 244 1591,nwildberdd@loc.gov,,VIP,,Female,,17/08/2025,Escort,Ford,"CORSO VITTORIO EMANUELE, 171"
Michael Defty,641 Bashford Terrace,720 686 7584,mdeftyde@ca.gov,,NBH01,,Male,,15/01/2025,Jetta III,Volkswagen,1899 WESTERN WAY
Kacie Eliasen,2536 Clemons Center,389 798 1371,keliasendf@mtv.com,,,,,650 838 3306,2/5/2025,Patriot,Jeep,6600 PLAZA DRIVE
Eada Lober,8 Bartillon Place,719 850 0289,eloberdg@tripadvisor.com,,NBH01,,,,2/1/2025,Xtra,,
Maryrose Karleman,2 Arkansas Trail,650 362 7940,mkarlemandh@ucoz.ru,,LKHA,,Female,566 661 7776,4/2/2025,S60,Volvo,
Grissel Wennington,26 Hauk Way,989 810 9689,gwenningtondi@amazon.co.uk,,VIP,,Female,,,Cutlass Supreme,Oldsmobile,"Corner 200, Limassol Avenue and Athalassas Avenue, Strovolos"
Valentino Jecock,63348 Westridge Pass,149 420 5570,vjecockdj@liveinternet.ru,,VIP,,Male,,3/8/2025,9000,Saab,10583 MAIN STREET
Catlin Pulster,0 Corry Pass,771 116 3983,cpulsterdk@list-manage.com,,LKHA,,,195 678 5183,12/8/2025,Matrix,Toyota,PIAZZA FILIPPO MEDA 4
Yettie Hartas,5591 Gateway Pass,328 320 0551,yhartasdl@accuweather.com,,NBH01,,,576 984 6319,28/06/2025,G-Series G20,Chevrolet,
Leanor Bragger,5 Dahle Parkway,241 916 7568,lbraggerdm@dropbox.com,,LKHA,,Female,418 511 1152,19/02/2025,,Chevrolet,7813 OFFICE PARK BLVD
Hagan Haggeth,0 Swallow Pass,710 175 3468,hhaggethdn@miibeian.gov.cn,,LKHA,,Male,,,Firebird Formula,Pontiac,"Pç. D. João I, 28"
Drew Pringuer,928 Anzinger Plaza,337 549 2629,dpringuerdo@ox.ac.uk,,VIP,,Male,,,Sonoma Club Coupe,GMC,Römerstraße 109
Aurthur Ianilli,66 Butternut Drive,937 801 6070,aianillidp@opera.com,,,,Male,,28/02/2025,Mirage,Mitsubishi,88 NORTH PARK AVENUE
Larine Costigan,90 Bluestem Plaza,172 814 5887,lcostigandq@disqus.com,,VIP,,Female,,1/12/2024,228,,1 AVENUE NAPOLÉON III
Fons Donativo,5970 Farwell Parkway,588 139 9977,fdonativodr@jigsy.com,,VIP,,Male,,20/03/2025,Contour,Ford,P O BOX 461
Linus Cawker,6 Thierer Trail,888 255 8677,lcawkerds@wikimedia.org,,NBH01,,Male,,24/12/2024,,GMC,Raiffeisenstraße 5
Shena Stonman,5 Barnett Circle,761 660 3732,sstonmandt@deliciousdays.com,,VIP,,Female,999 469 8398,3/12/2024,,Jeep,
Carr Cutmore,366 Packers Place,315 191 1427,ccutmoredu@wordpress.org,,NBH01,,Male,,25/04/2025,GS,Lexus,110S FERRALL STREET
Myrtie Tabard,,324 743 5680,mtabarddv@squarespace.com,,LKHA,,Female,,23/07/2025,Mariner,Mercury,PO BOX 291
Teador Goodburn,507 Prentice Point,729 460 4691,tgoodburndw@jugem.jp,,VIP,,Male,,,Rockette,Fairthorpe,"Raiffeisenstraße, 1"
Claribel Askaw,97787 Golf Lane,791 204 0036,caskawdx@e-recht24.de,,VIP,,Female,553 467 5962,20/01/2025,,Plymouth,
Catherin Swetmore,4 Texas Point,668 942 0354,cswetmoredy@census.gov,,,,Female,,8/6/2025,Neon,Dodge,"Schupstraat, 18-20"
Andee Burt,52176 Lukken Avenue,883 617 4322,aburtdz@dion.ne.jp,,LKHA,,,,,S10 Blazer,Chevrolet,P.O. BOX 2400
Issi Kunrad,,151 452 0690,ikunrade0@tamu.edu,,,,Female,,25/10/2025,M5,BMW,10430 HIGHLAND MANOR DRIVE
Karlen Leroux,65753 Sunbrook Hill,776 273 7848,klerouxe1@google.it,,VIP,,Female,,27/12/2024,,Ford,12345 W COLFAX AVE
Rickard Wabe,6175 Westport Court,830 954 4078,rwabee2@webs.com,,VIP,,Male,400 753 2434,21/09/2025,Outback,Subaru,"Praterstraße, 31"
Gordie Yielding,,381 808 7379,gyieldinge3@ca.gov,,,,Male,,2/6/2025,62,Maybach,2525 GREENBAY ROAD
Lilia Boswell,,915 385 9146,lboswelle4@businessinsider.com,,NBH01,,Female,639 929 1466,17/01/2025,Impreza,Subaru,"THE EMPORIUM,,TRIQ C. DE BROCKTORFF"
Neron Alexandersen,0 Comanche Hill,165 277 1128,nalexandersene5@house.gov,,NBH01,,Male,,7/4/2025,,Buick,
Christopher Storrah,,735 202 9403,cstorrahe6@dyndns.org,,NBH01,,Male,,10/7/2025,F-Series,Ford,"Credit Union House, Kickham Street, Nenagh,"
Emmy Byrne,9150 Talmadge Pass,651 899 7920,,,NBH01,,Female,,17/06/2025,,Mercedes-Benz,SUITE 500
Davon Cripps,8 Fremont Point,829 970 0703,,,VIP,,Male,667 177 8068,24/02/2025,Elise,Lotus,LOCATOR 5138
Stevy Audiss,9412 Luster Circle,929 174 6983,saudisse9@buzzfeed.com,,,,Male,317 766 1113,21/04/2025,Crown Victoria,Ford,
Karee Briscam,39955 Center Crossing,586 941 3561,kbriscamea@yale.edu,,VIP,,Female,,,Grand Cherokee,Jeep,3RD FLOOR
Rosalinda Franzelini,31423 American Ash Street,682 585 8538,rfranzelinieb@springer.com,,LKHA,,Female,,2/8/2025,Civic,Honda,"Hauptstraße, 22"
Wilie Malham,0 Manitowish Lane,399 570 7994,wmalhamec@hatena.ne.jp,,VIP,,,,5/1/2025,Matrix,,VIA MARIO BIANCHINI 13
Erie Hancill,58 Veith Plaza,308 720 6548,ehancilled@weibo.com,,NBH01,,Male,408 371 5724,25/06/2025,Miata MX-5,,PO BOX 527
Gertrudis Hindrich,3 7th Avenue,406 176 7010,ghindrichee@mysql.com,,VIP,,Female,178 463 9690,5/12/2024,Sunfire,Pontiac,"Amtshausgasse, 2"
Art Heffy,147 Eggendart Crossing,477 698 3442,,,NBH01,,Male,,5/1/2025,Scoupe,Hyundai,PIAZZA FILIPPO MEDA 4
Ketti Eskriett,46842 Bunker Hill Hill,805 523 6375,keskrietteg@baidu.com,,VIP,,,,24/04/2025,Eurovan,Volkswagen,Königstraße 44
Austin Ruhben,006 Pleasure Crossing,807 540 2272,aruhbeneh@twitpic.com,,LKHA,,Male,,18/10/2025,Exige,Lotus,307 MAIN STREET WEST
Taryn Clymer,703 Truax Parkway,682 974 3787,tclymerei@oracle.com,,LKHA,,Female,,14/02/2025,Tracer,Mercury,POST OFFICE BOX 27
Carmel Huison,340 Stephen Circle,256 525 6827,chuisonej@unesco.org,,VIP,,Female,,8/2/2025,Amanti,Kia,
Skell Helkin,82102 Maple Parkway,467 256 3684,shelkinek@1688.com,,LKHA,,Male,,,Thunderbird,Ford,12 PLACE DES ETATS UNIS
Micheal Bannester,02 Hintze Avenue,921 803 8283,mbannesterel@timesonline.co.uk,,,,Male,,11/5/2025,900,Saab,"2, rue Edward Steichen"
Kylynn Seacroft,422 Heffernan Way,953 562 9026,kseacroftem@admin.ch,,VIP,,Female,984 727 5261,20/01/2025,Savana 2500,GMC,"c/o Bank of Scotland, Karl-Liebknecht-Straße 5"
Muffin Farley,68765 Kensington Trail,556 539 5874,mfarleyen@ihg.com,,LKHA,,Male,,19/11/2024,Continental GT,Bentley,80 SUGAR CREEK CENTER BLVD
Tresa Schultz,7473 Hintze Court,817 608 2854,tschultzeo@wired.com,,LKHA,,Female,,22/10/2025,CR-V,Honda,
Wells Laborda,2 Caliangt Road,264 104 3761,wlabordaep@google.de,,LKHA,,Male,,9/7/2025,4000s,Audi,1200E WARRENVILLE RD
Lebbie Maple,37022 Elmside Terrace,453 965 3309,lmapleeq@ameblo.jp,,NBH01,,,,31/03/2025,5-Sep,Saab,"Europaplatz, 1a"
Essie Deehan,619 Katie Park,883 786 2659,edeehaner@friendfeed.com,,VIP,,Female,,27/03/2025,Tacoma Xtra,Toyota,110 S FERRALL STREET
Jobi Risborough,,246 336 0810,jrisboroughes@oaic.gov.au,,,,Female,721 281 9178,26/08/2025,,Mazda,20544 HUSKER DR
Amye Rove,220 Delaware Plaza,652 416 1902,aroveet@discuz.net,,,,Female,,,Mustang,Ford,"Hoveniersstraat, 29"
Myrlene Diche,0 Kropf Terrace,709 398 7476,mdicheeu@samsung.com,,,,Female,874 507 3468,5/3/2025,RX-8,Mazda,747 MERIDIAN
Virgilio Smowton,22989 Independence Place,,,,,,Male,897 773 8601,8/8/2025,X6,BMW,"Schupstraat, 18-20"
Yorgos Harring,6475 Division Plaza,860 247 2999,yharringew@macromedia.com,,NBH01,,Male,,28/12/2024,3 Series,BMW,"23, Omirou Str."
Willabella Guntrip,54840 Sunbrook Center,248 665 4390,wguntripex@slashdot.org,,,,Female,,13/01/2025,1 Series,BMW,
Neale Nuss,63 Nancy Center,694 130 6099,nnussey@pinterest.com,,NBH01,,Male,,18/10/2025,CLK-Class,Mercedes-Benz,EP-MN-WN1A
Stesha Kittle,57 Sullivan Hill,212 831 7080,skittleez@tamu.edu,,,,,,,Cabriolet,Audi,Deckerstraße 37-39
Quillan Dilke,859 Menomonie Terrace,834 327 8983,qdilkef0@yelp.com,,VIP,,Male,209 913 7770,,Ram 3500,Dodge,111 SILVAN AVENUE
Gui Milnes,7576 Westend Parkway,132 558 7119,gmilnesf1@imageshack.us,,NBH01,,Female,729 393 5444,26/02/2025,Avanti,Studebaker,PO BOX 27025
Cosimo Brodie,5772 Ludington Trail,,cbrodief2@biglobe.ne.jp,,VIP,,Male,204 546 5515,11/2/2025,,Honda,2020 ROSINA ST
Annadiane Attwoul,5 Butternut Park,862 625 0033,aattwoulf3@histats.com,,NBH01,,Female,472 319 2883,20/09/2025,Club Wagon,Ford,WILLIAMS &  DIVISION STREETS
Colan Tongs,27 Delladonna Road,537 257 7671,ctongsf4@twitpic.com,,LKHA,,Male,,5/5/2025,,Chrysler,"PIAZZA GARIBALDI, 16"
Tibold Braunlein,632 Grayhawk Hill,239 844 2665,,,LKHA,,Male,,17/08/2025,Prizm,Chevrolet,Magyar Tudósok körútja körút 9. G. épület
Francoise Hurford,45 Dayton Crossing,970 626 3378,fhurfordf6@canalblog.com,,LKHA,,Female,,23/03/2025,,Daewoo,16 BOULEVARD DES ITALIENS
Corabel Livesey,34 Brentwood Street,518 939 4984,cliveseyf7@symantec.com,,NBH01,,Female,597 879 2993,22/06/2025,TL,Acura,Gifhorner Straße 57
Savina Tutton,6350 Anthes Plaza,818 245 3414,,,LKHA,,Female,,30/03/2025,Tacoma,Toyota,22 Rutledge Terrace
Svend Simmonett,54543 Farragut Pass,459 594 6257,ssimmonettf9@soundcloud.com,,NBH01,,Male,,3/12/2024,6000,Pontiac,PIAZZA FILIPPO MEDA 4
Wynny Brooksby,92 Vera Crossing,420 176 0484,wbrooksbyfa@cnn.com,,NBH01,,Female,630 707 1487,16/05/2025,H1,Hummer,"Dorfstraße, 24"
Stan Sirey,417 Mcguire Terrace,905 383 8871,ssireyfb@cnet.com,,NBH01,,,,11/9/2025,Fusion,Ford,"601 PENN ST., 5TH FLOOR"
Shawn Burkhill,64 Jenna Road,,sburkhillfc@ycombinator.com,,VIP,,Female,,10/2/2025,S40,Volvo,P.O. BOX 85139
Elsy Elnaugh,91306 Havey Hill,567 985 6752,eelnaughfd@sitemeter.com,,LKHA,,Female,,13/09/2025,M3,BMW,
Angie Dale,196 Northland Plaza,,adalefe@51.la,,,,Female,,,CL-Class,Mercedes-Benz,245 BELGRADE AVE
Kristoforo Laurens,29 Valley Edge Circle,760 459 4981,klaurensff@netvibes.com,,,,Male,,19/09/2025,Safari,GMC,Magyar Tudósok körútja körút 9. G. épület
Adiana Gilhool,,838 190 3057,agilhoolfg@posterous.com,,,,Female,,26/03/2025,Aviator,Lincoln,8770 TESORO DRIVE
Agretha Chrestien,,,,,,,Female,982 483 3010,1/3/2025,Dakota Club,Dodge,
Nickey Benedyktowicz,0 Green Lane,,nbenedyktowiczfi@craigslist.org,,,,Male,,10/7/2025,Previa,Toyota,SUITE 5
Birk Cobello,,928 301 0830,bcobellofj@chicagotribune.com,,VIP,,,,3/10/2025,Sonoma,GMC,FL3-1404
Catharine Cruise,,294 911 2907,ccruisefk@alibaba.com,,NBH01,,Female,,12/8/2025,,Jeep,Straße des Friedens 25
Hortensia Benton,3154 Esch Park,206 386 3579,hbentonfl@foxnews.com,,VIP,,Female,,11/3/2025,Millenia,Mazda,PO BOX 998
Lynnette Levesque,40709 Blackbird Crossing,197 812 5717,llevesquefm@twitter.com,,LKHA,,Female,,,5000S,Audi,1000 PEACHTREE ST N.E.
Ariadne Vreede,8 Jenna Place,274 553 1966,avreedefn@youtu.be,,VIP,,Female,,5/1/2025,QX,Infiniti,"Bd. Ion Mihalache nr.1-7, sector 1"
Audy Gierck,726 Tennyson Alley,808 367 0375,agierckfo@google.ru,,NBH01,,Female,534 408 8639,6/3/2025,,Toyota,
Jard Gohn,79 Anderson Place,692 796 9462,jgohnfp@naver.com,,VIP,,Male,,3/6/2025,200SX,Nissan,P O BOX 216
Orion Caslin,81 Scott Way,913 688 2692,ocaslinfq@theatlantic.com,,LKHA,,Male,,11/5/2025,Azera,,8001 VILLA PARK DRIVE
Winnifred Potell,9 David Lane,524 939 5759,wpotellfr@eepurl.com,,LKHA,,Female,,18/08/2025,S60,Volvo,Marktplatz 23-24
Nikoletta Flecknoe,7010 Vahlen Point,283 790 0959,nflecknoefs@quantcast.com,,VIP,,Female,,9/3/2025,Intrepid,Dodge,TOUR EUROPLAZA 20 AV ANDRÉ PROTHIN
Aloin Goodbar,6442 Hauk Point,162 481 9861,agoodbarft@domainmarket.com,,VIP,,Male,,16/08/2025,Ram,,
Ailey Mertsching,8368 Warbler Junction,693 170 6935,amertschingfu@tmall.com,,,,,671 718 9282,20/12/2024,Blazer,Chevrolet,"Clare House, 37 Glenageary Park"
Emelda Bessant,63 Lakeland Trail,894 169 6394,ebessantfv@dyndns.org,,VIP,,Female,,29/04/2025,Town Car,Lincoln,Myliusstraße 14
Dion Carder,19 Scofield Pass,816 609 7813,dcarderfw@newsvine.com,,NBH01,,Female,,4/9/2025,V70,Volvo,900 BROAD STREET
Selie Accum,3228 Bluejay Park,322 667 7844,saccumfx@amazon.co.uk,,LKHA,,Female,,22/02/2025,323,Mazda,P O BOX 291
Staci Izat,,648 282 0053,sizatfy@amazon.com,,VIP,,,,10/7/2025,Eldorado,Cadillac,245 COMMERCIAL STREET
Nickolaus Humby,18 Montana Crossing,138 233 9148,nhumbyfz@salon.com,,VIP,,Male,,17/04/2025,Touareg,Volkswagen,324 N 4TH ST.
Benjy Pitrelli,3334 Dexter Hill,471 384 6709,bpitrellig0@comcast.net,,,,Male,,16/07/2025,JUKE,Nissan,Königinstraße 17
Debbi Smallcomb,06 Mosinee Junction,862 868 2845,dsmallcombg1@msu.edu,,VIP,,Female,,12/12/2024,Sebring,Chrysler,"Friedrich-Thurner-Straße, 14"
Willie Greenly,3787 Valley Edge Point,312 965 8098,wgreenlyg2@europa.eu,,,,Male,,2/3/2025,Topaz,Mercury,Oberer Markt 21
Rosalynd Suche,3 Sauthoff Avenue,801 369 3163,rsucheg3@liveinternet.ru,,,,Female,,11/5/2025,Pilot,Honda,"Hoveniersstraat, 29"
Marie Paniman,533 Forest Run Point,,mpanimang4@washingtonpost.com,,VIP,,Female,,,Elise,Lotus,
Jorry Stendall,23194 Thackeray Junction,633 505 5191,jstendallg5@upenn.edu,,VIP,,Female,,21/09/2025,C-Class,Mercedes-Benz,Alströmergatan 39
Margo Linck,3521 Algoma Park,482 260 7033,mlinckg6@devhub.com,,NBH01,,Female,176 676 7655,17/12/2024,4Runner,Toyota,Augsburger Straße 33-35
Merle Harce,0658 Bluejay Alley,276 953 6840,mharceg7@behance.net,,NBH01,,Male,,6/1/2025,Tacoma,Toyota,
Hannie Baynard,8 Lindbergh Lane,220 626 5624,hbaynardg8@meetup.com,,VIP,,Female,741 804 3477,27/05/2025,Ranger,Ford,1460 VALLEY ROAD
Prince Jeanin,27 Claremont Terrace,104 360 0415,pjeaning9@ow.ly,,,,Male,,30/08/2025,,Aston Martin,131 RUE DE TOLBIAC
Moyra Cortin,,468 444 0683,,,LKHA,,,,18/06/2025,Aveo,Chevrolet,PIAZZA FILIPPO MEDA 4
Wilt Broomer,9 Londonderry Lane,772 178 8663,wbroomergb@ycombinator.com,,,,Male,545 402 6811,13/10/2025,Sportvan G10,Chevrolet,600 MIDLAND AVENUE
Zonnya Colledge,,590 602 7273,zcolledgegc@admin.ch,,NBH01,,Female,,,Ranger,Ford,"RUA DIREITA DE S. PEDRO, 216"
Elysha Tittletross,4182 Miller Terrace,407 137 1771,etittletrossgd@unesco.org,,LKHA,,Female,,22/04/2025,Caravan,Dodge,2ND FLOOR
Alaster Canton,988 Sutherland Circle,475 840 9299,,,NBH01,,Male,265 757 5840,14/09/2025,Accord,Honda,12 PLACE DES ETATS-UNIS
Layne Shillington,9197 Farwell Park,945 636 7521,lshillingtongf@feedburner.com,,NBH01,,Female,,2/12/2024,Sidekick,Suzuki,ELECTRONIC BANKING D-339
Reinhard Bricham,32 Morning Alley,923 757 6463,rbrichamgg@jugem.jp,,NBH01,,,600 491 3654,2/11/2025,Titan,Nissan,4128 TEMPLE CITY BLVD
Darya Fison,97 Swallow Point,,,,,,Female,,10/11/2025,S2000,Honda,7 PROMENADE GERMAINE SABLON
Shaw Leadley,98681 Cody Terrace,945 419 2128,sleadleygi@webeden.co.uk,,LKHA,,Male,,29/06/2025,Accord,Honda,5050 KINGSLEY DRIVE
Ede Alwin,869 Montana Hill,678 404 7083,,,LKHA,,Female,,26/01/2025,E-Series,Ford,"PIAZZA DEL CALENDARIO, 3"
Ida Tropman,22597 Coolidge Lane,850 626 4636,itropmangk@comcast.net,,NBH01,,Female,377 928 0415,19/09/2025,Ram 1500,Dodge,Kaiserstraße 16 (Kaiserplatz)
Malachi Minichi,73 Northfield Plaza,,mminichigl@baidu.com,,VIP,,Male,,,GL-Class,Mercedes-Benz,
Leroi Tenby,8 Straubel Street,400 719 8499,ltenbygm@cargocollective.com,,NBH01,,,,9/3/2025,,Saturn,STE B
Demetris MacCawley,,779 874 0262,dmaccawleygn@paypal.com,,NBH01,,Female,981 219 2688,11/2/2025,Landaulet,Maybach,PO BOX 27025
Janaye Truckett,4 Lakewood Parkway,229 916 6424,jtruckettgo@marriott.com,,VIP,,Female,,,,Infiniti,P O BOX 681
Rita Hedling,3 4th Crossing,537 315 7387,rhedlinggp@xrea.com,,VIP,,Female,,13/01/2025,5 Series,BMW,Lange Herzogstraße 63
Edythe Knighton,0 Lukken Street,979 213 1064,eknightongq@usa.gov,,NBH01,,Female,,,Escort,Ford,Sundkrogsgade 25
Francisco Martinet,8 Norway Maple Place,808 978 1460,fmartinetgr@cocolog-nifty.com,,NBH01,,Male,,20/03/2025,Virage,Aston Martin,PO BOX 4327
Virge Hutable,55965 Mallory Parkway,608 319 1335,vhutablegs@rambler.ru,,NBH01,,Male,,15/10/2025,928,,Jahnstraße 7
Clementia Proctor,,494 433 9389,cproctorgt@godaddy.com,,NBH01,,Female,,10/4/2025,Carens,Kia,116 N KIEL
Coraline Welman,21668 Raven Center,,cwelmangu@psu.edu,,LKHA,,Female,,30/12/2024,Grand Vitara,Suzuki,"43, Avenue J.F. Kennedy"
Violette Clulee,,116 206 1939,vcluleegv@slashdot.org,,,,Female,,15/07/2025,F350,Ford,PIAZZA FILIPPO MEDA 4
Mada Quernel,798 Golf Place,391 520 1777,mquernelgw@loc.gov,,,,,215 828 7626,18/07/2025,4Runner,Toyota,P.O. BOX 27025
Clemmie Blore,7 Kedzie Terrace,531 826 6560,cbloregx@amazon.co.jp,,LKHA,,Male,,,A6,Audi,"VIALE ALTIERO SPINELLI, 30"
Lucila Collinge,3 Waubesa Point,826 390 4668,lcollingegy@soup.io,,NBH01,,Female,,6/3/2025,3 Series,BMW,"Hauptpl., 11"
Willamina Ellick,39575 Rigney Crossing,146 272 1653,wellickgz@irs.gov,,VIP,,Female,,1/11/2025,V90,Volvo,Nordhoffstraße 1
Herschel Forward,5329 Nancy Plaza,773 260 3188,,,NBH01,,Male,,20/01/2025,A6,Audi,"VIALE ALTIERO SPINELLI, 30"
Quincey Collumbine,1 Prairie Rose Point,968 114 7230,qcollumbineh1@ocn.ne.jp,,LKHA,,Male,,3/5/2025,7 Series,BMW,"601 PENN ST., 5TH FLOOR"
Baxie Burk,250 Maryland Avenue,674 995 2659,bburkh2@exblog.jp,,NBH01,,Male,,24/07/2025,Precis,Mitsubishi,PO BOX 26158
Merry Toppin,3 Mallard Terrace,395 437 1311,mtoppinh3@businessinsider.com,,LKHA,,Male,485 267 2184,15/05/2025,Protege5,Mazda,155 LAMEUSE STREET
Dominica Mouland,7 Gina Plaza,816 397 8736,dmoulandh4@youtube.com,,,,,,7/4/2025,B-Series,Mazda,102 DUFFY AVENUE
Arlinda Denizet,228 Tennessee Drive,789 201 7390,adenizeth5@mysql.com,,NBH01,,Female,,13/03/2025,Silverado 3500,,Bergstraße 6
Bernie Heathcoat,89248 Jackson Way,,bheathcoath6@acquirethisname.com,,,,,460 721 2387,1/3/2025,F-Series,Ford,102 DUFFY AVENUE
Gideon Bruckman,,741 845 3497,gbruckmanh7@auda.org.au,,,,Male,,,Sonata,Hyundai,"Marktplatz, 14"
Byron Josselsohn,46795 Rusk Lane,756 881 2002,bjosselsohnh8@fastcompany.com,,,,,,19/02/2025,Esteem,Suzuki,100 CREEK RD
Rosalynd Verry,69073 Doe Crossing Center,706 713 0435,rverryh9@bloglovin.com,,LKHA,,Female,,23/12/2024,Imperial,Chrysler,P7-PFSC-03-H
Nicol Ashwell,1157 Delladonna Alley,513 337 0495,nashwellha@illinois.edu,,NBH01,,Male,922 485 2135,30/09/2025,Intrepid,Dodge,LOCATER 01-5138
Sophi Hovee,7160 Logan Court,456 966 6170,shoveehb@eepurl.com,,NBH01,,Female,,,Eldorado,Cadillac,P O BOX 681
Carolann Tilburn,65 Homewood Court,611 926 2692,,,NBH01,,,,18/06/2025,Stratus,Dodge,SUITE 1500
Rosanne Capinetti,17 Park Meadow Avenue,796 702 6697,rcapinettihd@geocities.com,,LKHA,,Female,734 572 5242,15/01/2025,,Suzuki,16 BOULEVARD DES ITALIENS
Durward Loffel,4 Eastlawn Street,546 595 3737,dloffelhe@sakura.ne.jp,,VIP,,Male,,15/08/2025,Daewoo Kalos,Pontiac,"Greystone Street, Carrick-on-suir,"
Tierney Mithan,7 Luster Crossing,584 639 8955,tmithanhf@cisco.com,,LKHA,,Female,480 813 4504,12/10/2025,Summit,Eagle,P.O. BOX 1689
Katinka Lafflina,7014 Sundown Avenue,613 297 5186,klafflinahg@imageshack.us,,,,Female,,20/05/2025,Phantom,Rolls-Royce,"Europaplatz, 1a"
Lela Jessup,,644 875 0756,ljessuphh@ow.ly,,,,Female,,,530,BMW,3025 145TH ST W
Lauretta Mouat,1 Comanche Place,510 776 0982,lmouathi@flickr.com,,VIP,,Female,,,Bronco II,Ford,"PZ DE LA PAU, SN"
Link Crickett,2063 Sunnyside Circle,900 244 5056,lcricketthj@blogtalkradio.com,,VIP,,Male,,27/06/2025,Sebring,,4140 EAST STATE STREET
Deni Mort,17 Maple Lane,,dmorthk@guardian.co.uk,,VIP,,Female,,9/10/2025,S-Class,Mercedes-Benz,
Rosanne Blewett,67306 Glacier Hill Court,300 317 5994,rblewetthl@google.es,,,,Female,,8/3/2025,LS,Lincoln,1200 E WARRENVILLE ROAD
Carleton Heinle,43 Havey Crossing,255 321 2348,cheinlehm@vinaora.com,,LKHA,,Male,503 515 0481,28/06/2025,Fusion,Ford,"Seestraße, 1"
Van Fransewich,7582 Londonderry Point,113 116 8091,vfransewichhn@ted.com,,VIP,,Male,,2/4/2025,Focus,,"Level 6, Portomaso Business Tower, Portomaso Avenue"
Carmita Eckford,31056 Michigan Hill,314 712 9661,ceckfordho@usda.gov,,,,Female,,22/08/2025,Seville,Cadillac,1200 E. WARRENVILLE ROAD
Shayna Hanbridge,02 Nancy Crossing,941 367 0182,shanbridgehp@smugmug.com,,VIP,,Female,,11/10/2025,Protege,Mazda,1008 OAK STREET
Irma Hugo,6 Burrows Circle,588 985 6864,ihugohq@delicious.com,,NBH01,,,316 802 9834,27/08/2025,,Honda,"Victoria Reginaplantsoen, 1"
Evvy Storrar,4579 Daystar Trail,140 178 9550,estorrarhr@homestead.com,,NBH01,,Female,,11/1/2025,Aveo,Chevrolet,Wittekindstraße 17-19
Dian Mollnar,8156 Northport Drive,280 964 0831,dmollnarhs@bbc.co.uk,,VIP,,Female,,28/06/2025,Sable,Mercury,"Rua Barata Salgueiro nº37, 4º"
Haven Hixley,0796 Daystar Park,410 478 1799,hhixleyht@businesswire.com,,NBH01,,,,14/04/2025,Quattroporte,Maserati,2020 ROSINA ST
Fred Blowick,,562 206 5657,fblowickhu@yolasite.com,,VIP,,,,26/02/2025,Sorento,Kia,833 JULIAN AVENUE
Jessica Mingus,74651 Doe Crossing Parkway,818 220 8367,jmingushv@sun.com,,LKHA,,Female,,2/11/2025,G-Series G10,Chevrolet,Amerikis 4
Wendell Bellard,937 Schmedeman Street,713 351 3102,wbellardhw@si.edu,,LKHA,,Male,932 522 2892,9/10/2025,Continental Flying Spur,Bentley,10430 HIGHLAND MANOR DRIVE
Elwood Knudsen,14 Schiller Street,,eknudsenhx@blogs.com,,VIP,,Male,,4/11/2025,E-Series,Ford,57910 MAIN STREET
Jeanna Boreham,862 Main Road,179 170 0482,jborehamhy@ucla.edu,,VIP,,Female,,,Express 1500,Chevrolet,9816 SLIDE RD
Durante McGawn,532 Lawn Pass,,dmcgawnhz@bigcartel.com,,NBH01,,Male,,22/07/2025,928,Porsche,110 S FERRALL STREET
Gerta Baudic,317 Alpine Park,219 518 3190,gbaudici0@pen.io,,NBH01,,Female,248 263 4565,20/11/2024,XJ Series,Jaguar,PO BOX 405
Ferris Mingey,790 New Castle Alley,372 457 6667,fmingeyi1@last.fm,,VIP,,Male,,31/01/2025,Club Wagon,Ford,Republikas laukums 2A
Konstanze O'Feeny,6 4th Plaza,939 633 8664,kofeenyi2@qq.com,,NBH01,,Female,686 188 4724,17/03/2025,Topaz,Mercury,436 SLATER RD
Fiona Coventry,8 Harbort Way,576 135 6007,fcoventryi3@flavors.me,,NBH01,,,,27/06/2025,Continental,Bentley,811 MAIN STREET
Hester McGuirk,096 Ludington Drive,328 380 0188,,,,,Female,,24/07/2025,,Citroën,Kasernenstraße 10
Petronia Levane,2655 Anhalt Parkway,883 881 4073,plevanei5@hexun.com,,LKHA,,Female,,4/10/2025,Caliber,Dodge,"VIA CASSIA NORD, 2/4/6"
Maura Emnoney,0371 Hagan Circle,935 801 1931,memnoneyi6@tinyurl.com,,LKHA,,Female,,5/9/2025,Sedona,Kia,PO BOX 362708
Merrielle Jina,43 Susan Plaza,226 291 6087,mjinai7@imgur.com,,LKHA,,Female,936 770 2140,22/03/2025,Insight,Honda,3451 PRESCOTT
Mahmud Nissle,73444 Miller Park,226 566 5901,mnisslei8@hostgator.com,,VIP,,Male,,16/01/2025,TL,Acura,98 3RD ST. SE
Jabez Jowitt,62347 Hauk Avenue,449 911 7063,jjowitti9@cdc.gov,,,,Male,,9/12/2024,LX,,"8-10, rue Jean Monnet"
Adan Dank,01 Hoard Pass,304 359 8353,adankia@netscape.com,,VIP,,Female,,23/07/2025,Laser,Plymouth,PIAZZA FILIPPO MEDA 4
Rakel McTear,34738 Hagan Lane,332 455 4764,rmctearib@angelfire.com,,,,Female,,22/12/2024,Envoy,,100 SOUTH MAIN
Vite Winser,,883 645 5332,vwinseric@oaic.gov.au,,LKHA,,Male,,24/10/2025,E-Series,Ford,100 WEST THIRD ST
Oralla Melin,48 Gina Avenue,361 215 9565,omelinid@instagram.com,,VIP,,Female,,4/1/2025,Explorer Sport Trac,Ford,34 AVENUE DE FLANDRE
Ellswerth Ivashnikov,7419 Monument Way,695 528 1066,eivashnikovie@nhs.uk,,VIP,,Male,,16/10/2025,GT-R,Nissan,4140 EAST STATE STREET
Dolf Peers,55 Brown Alley,441 885 9670,dpeersif@addtoany.com,,VIP,,Male,681 271 6036,10/10/2025,325,BMW,3RD FLOOR
Quill Valance,5759 Hermina Way,253 578 2621,qvalanceig@disqus.com,,VIP,,Male,,2/2/2025,Vibe,Pontiac,PF-PFSC-03-H
Madge Heisham,,572 520 9504,mheishamih@wordpress.com,,NBH01,,,,30/03/2025,Legacy,Subaru,Rathausplatz 5-7
Kalie Zwicker,0595 Autumn Leaf Crossing,861 475 5573,kzwickerii@list-manage.com,,LKHA,,Female,692 803 1257,22/11/2024,Mighty Max,Mitsubishi,
Freddy Iannelli,08 Myrtle Pass,442 433 7506,fiannelliij@people.com.cn,,VIP,,Female,,2/10/2025,E-Class,Mercedes-Benz,P.O.BOX 4678
Pattin Firman,07754 Burrows Crossing,323 558 4305,,,NBH01,,Male,,,,Mazda,12345 WEST COLFAX AVENUE
Peri Jagson,,443 940 8068,pjagsonil@friendfeed.com,,NBH01,,Female,151 972 7340,18/06/2025,XC90,Volvo,
Cathe Sissel,74173 Cody Place,298 829 3734,csisselim@cafepress.com,,NBH01,,Female,,25/04/2025,Firebird,Pontiac,Friedenstraße 2
Sydel Cona,34 Vidon Junction,985 117 0594,sconain@salon.com,,LKHA,,Female,,18/09/2025,XG350,Hyundai,PIAZZA FILIPPO MEDA 4
Odey McShane,707 Messerschmidt Place,129 730 7224,omcshaneio@bbc.co.uk,,VIP,,Male,361 985 3702,8/10/2025,Dakota Club,Dodge,701 SOUTH 32ND STREET
Drud Gadault,91 Farmco Street,721 383 2739,dgadaultip@mail.ru,,LKHA,,Male,,14/09/2025,,Ford,P.O. BOX 130
Karin Benard,0 Norway Maple Street,849 837 9108,kbenardiq@whitehouse.gov,,VIP,,Female,556 536 2999,14/09/2025,,,NY-31-17-0119
Hildegaard Cathersides,3619 Coleman Center,253 797 4907,hcathersidesir@exblog.jp,,VIP,,Female,276 725 8961,29/08/2025,Avanti,Studebaker,P.O. BOX  1037
Clemens Gatland,7111 Pleasure Park,436 534 8849,cgatlandis@webnode.com,,LKHA,,Male,931 808 8094,15/02/2025,Century,Buick,16 BOULEVARD DES ITALIENS
Kalli Habens,09256 Rieder Terrace,576 277 1459,khabensit@engadget.com,,NBH01,,Female,,16/05/2025,Jetta,Volkswagen,P O BOX 458
Engracia Woods,1790 Jana Circle,401 698 5198,ewoodsiu@un.org,,NBH01,,Female,,28/02/2025,LeSabre,Buick,ul. Mławska 20A
Joyan Daelman,522 Di Loreto Terrace,723 344 2532,jdaelmaniv@wufoo.com,,,,Female,,5/1/2025,Camaro,Chevrolet,
Sidonnie Cleminson,,937 568 0274,scleminsoniw@bizjournals.com,,NBH01,,,213 133 7341,7/6/2025,,GMC,GUSTAV MAHLERLN 10
Drud Damp,68889 Nevada Place,812 776 6315,ddampix@posterous.com,,LKHA,,,900 574 8281,27/08/2025,Concorde,,Islandufer 15
Elyn Carren,90547 Bobwhite Way,,ecarreniy@utexas.edu,,,,Female,,16/08/2025,Rodeo,Isuzu,"Salzburger Str., 5"
Glennie Trundell,0631 Rieder Junction,570 367 2587,gtrundelliz@hhs.gov,,LKHA,,Female,,23/12/2024,S4,Audi,111 SILVAN AVE
Mallory Coulton,96 Dapin Center,814 930 4704,mcoultonj0@liveinternet.ru,,,,Female,468 242 4233,25/02/2025,B-Series Plus,Mazda,811 MAIN ST
Dov Wallach,5622 Killdeer Drive,,dwallachj1@cnn.com,,VIP,,Male,,12/8/2025,4000CS Quattro,Audi,PO BOX 709
Gertruda Adamec,,355 363 8159,gadamecj2@lycos.com,,NBH01,,Female,,15/01/2025,Malibu,Chevrolet,OPERATIONS CENTER
Sergeant Broadberrie,4569 Algoma Park,,,,VIP,,Male,,25/08/2025,A4,Audi,223 S MAIN
Lion Bycraft,413 Mesta Hill,914 966 0183,lbycraftj4@ocn.ne.jp,,NBH01,,Male,,15/07/2025,S40,Volvo,Glavni trg 15
Ruperta Brenard,39 Doe Crossing Parkway,258 504 7686,rbrenardj5@jugem.jp,,VIP,,,,6/10/2025,Tempo,Ford,"Schulzeile, 1"
Gregorius Le land,0 Mccormick Park,992 315 8440,glej6@list-manage.com,,LKHA,,Male,,15/11/2025,,Ram,Prinses Beatrixlaan 35
Kerwinn O'Loughnan,96871 Westerfield Center,115 980 9976,koloughnanj7@cmu.edu,,,,Male,,7/9/2025,Montero,Mitsubishi,2ND FLOOR
Ludwig Allenby,23 Arkansas Road,784 736 3659,lallenbyj8@godaddy.com,,NBH01,,Male,304 627 4559,12/7/2025,Diamante,Mitsubishi,Croeselaan 18
Pearla Radbourne,2 Clyde Gallagher Terrace,633 457 3135,pradbournej9@bloglovin.com,,NBH01,,Female,,21/03/2025,Town Car,Lincoln,"Credit Union House, Church Street, Ennistymon,"
Alan Cattellion,3 Merrick Plaza,409 556 6402,acattellionja@bloglovin.com,,LKHA,,Male,415 770 6070,3/2/2025,E250,Ford,1835 NORTH VALLEY MILLS DRIVE
Patton Defont,406 Hallows Point,854 805 8530,pdefontjb@bizjournals.com,,,,Male,,5/6/2025,X-Type,Jaguar,"Kirchbach, 12"
Renate Stidson,33019 Hauk Circle,248 391 2125,rstidsonjc@sitemeter.com,,NBH01,,Female,300 552 8675,4/2/2025,Topaz,Mercury,"PIAZZALE DELLA PACE, 1"
Celia Francioli,7 Kensington Circle,837 953 6821,cfranciolijd@ftc.gov,,,,,776 278 7229,4/9/2025,5-Sep,Saab,"Hauptstraße, 94"
Raoul Ossulton,2222 Cody Junction,251 791 8805,rossultonje@samsung.com,,LKHA,,Male,808 335 0062,4/2/2025,Vanquish S,Aston Martin,3405 N LOUISE AVE
Timi Dhillon,1 Washington Way,222 517 7474,tdhillonjf@cdbaby.com,,LKHA,,Female,,29/03/2025,Elantra,Hyundai,"Am Stadtpark, 9"
Harwilll Haith,,281 859 9249,hhaithjg@trellian.com,,,,Male,,27/05/2025,Endeavor,Mitsubishi,416 N. WATER ST.
Zared Tappin,18 Monterey Drive,688 160 9207,,,NBH01,,Male,,13/10/2025,Escalade EXT,Cadillac,"Braunauer Straße, 22"
Hazel Habishaw,8 Bashford Park,187 588 8420,hhabishawji@delicious.com,,LKHA,,Female,,28/07/2025,,BMW,P.O. BOX 1207
Daile Harrie,76955 Lake View Place,795 776 7181,dharriejj@house.gov,,,,Female,,6/8/2025,Dakota,Dodge,ONE COMMUNITY PLACE
Daile McCutcheon,2770 Clemons Way,966 541 8623,dmccutcheonjk@nydailynews.com,,NBH01,,Female,,27/11/2024,SX4,Suzuki,
Saidee Pepperill,1977 Coolidge Street,140 342 7569,spepperilljl@imgur.com,,VIP,,Female,,13/07/2025,4Runner,Toyota,2280 45TH STREET SOUTH
Obadiah Langstrath,80770 Basil Hill,816 124 3123,olangstrathjm@mozilla.com,,,,Male,373 716 0797,17/06/2025,3500,GMC,Narva mnt 2
Murdock Tournie,7 Hanover Point,103 710 0973,mtourniejn@jimdo.com,,,,Male,,14/08/2025,R8,Audi,
Annadiana Silverstone,6785 Moland Lane,496 738 1050,asilverstonejo@exblog.jp,,LKHA,,Female,,3/7/2025,Titan,Nissan,
Gayle Di Ruggero,09 Anniversary Hill,528 341 1402,gdijp@apache.org,,LKHA,,Male,314 314 2816,8/3/2025,Festiva,Ford,277 N SYKES CREEK PKWY
Norry Gytesham,1 Buena Vista Terrace,183 355 1952,ngyteshamjq@stanford.edu,,LKHA,,Male,,13/11/2025,Cougar,Mercury,"Hodžovo námestie, 3"
Laurianne Storek,99291 Corben Court,873 652 6003,lstorekjr@sbwire.com,,NBH01,,,,8/9/2025,SC,Lexus,50 SPRING ROAD
Mead Padly,4 Division Alley,953 991 6546,,,,,Male,,,EX,Infiniti,PIAZZA FILIPPO MEDA 4
Malvin Whight,8620 Dapin Circle,668 844 5295,mwhightjt@indiatimes.com,,VIP,,Male,658 378 9817,29/07/2025,Corvette,Chevrolet,
Lazare Matus,190 Thackeray Avenue,602 703 8164,lmatusju@ucsd.edu,,,,Male,,12/7/2025,Mystique,Mercury,TOUR ALLIANZ ONE 1 COURS MICHELET
Kirbie Bog,4 Manitowish Drive,410 745 1213,kbogjv@weibo.com,,,,Female,,19/11/2024,,Mazda,436 SLATER RD
Olenka Bernhardi,89 Esker Alley,202 670 5215,obernhardijw@ftc.gov,,,,Female,204 141 4273,30/01/2025,,Cadillac,
Catlaina Stanway,0092 Continental Crossing,766 135 1423,,,,,,245 769 4942,1/4/2025,,Audi,"St. Martin, Nr.7"
Micah Tinman,,406 757 1997,mtinmanjy@ustream.tv,,,,Male,,23/04/2025,Range Rover Sport,Land Rover,"V.LE MARTIRI DELLA LIBERTA', 46/B"
Rianon Syres,,,rsyresjz@t-online.de,,NBH01,,Female,,7/4/2025,F150,Ford,P O BOX 1080
Eldin MacMarcuis,44679 John Wall Place,234 292 0142,emacmarcuisk0@guardian.co.uk,,NBH01,,Male,864 140 7557,23/09/2025,,Toyota,101 NORTH POPLAR
Randi Eul,3379 Scoville Point,864 159 5387,reulk1@whitehouse.gov,,LKHA,,Male,,21/07/2025,Horizon,Plymouth,Opatička 3
Mac Cramer,38 Eagle Crest Trail,,mcramerk2@gov.uk,,NBH01,,Male,,,Sidekick,Suzuki,ATTN: ACH COORDINATOR/MS2912
Iggie Boyda,637 Vera Trail,708 283 6531,iboydak3@purevolume.com,,,,Male,218 934 4137,30/01/2025,,,P.O. BOX 3619
Trescha Gibling,,,tgiblingk4@spotify.com,,LKHA,,Female,,22/10/2025,Dakota,Dodge,ACH OPERATIONS 100-99-04-10
Vita Rain,,,vraink5@g.co,,NBH01,,Female,,18/07/2025,Escape,Ford,P O BOX 409
Elane Sawrey,219 Mcbride Parkway,791 483 4804,esawreyk6@squidoo.com,,LKHA,,Female,,22/06/2025,C-Class,Mercedes-Benz,
Alberto Stickens,,359 924 6137,astickensk7@artisteer.com,,LKHA,,Male,,,458 Italia,Ferrari,333 E MAIN ST
Conrad Given,21480 Thompson Avenue,387 477 3193,cgivenk8@wsj.com,,LKHA,,Male,239 279 6401,2/8/2025,CL-Class,Mercedes-Benz,"Bergerweg, 1"
Salim Broadwell,77 Heath Lane,763 145 8188,sbroadwellk9@house.gov,,,,Male,,24/08/2025,Tacoma,Toyota,
Hallsy Scedall,922 Red Cloud Pass,985 721 0003,hscedallka@fema.gov,,LKHA,,Male,221 525 1966,,240SX,Nissan,409 SOUTH ELLIS
Felicio Swyne,69 Harper Center,343 592 9649,fswynekb@redcross.org,,LKHA,,Male,,18/05/2025,S10,Chevrolet,
Jeremy Windibank,3548 Acker Hill,343 104 4766,jwindibankkc@ycombinator.com,,,,,,26/07/2025,900,Saab,"Hauptgasse, 19"
Lalo Gorringe,84 Spohn Terrace,272 219 2232,lgorringekd@bloglines.com,,VIP,,Male,,15/03/2025,C8 Spyder Wide Body,Spyker,102 DUFFY AVENUE
Jethro Elcome,575 Anderson Avenue,646 547 6284,jelcomeke@home.pl,,LKHA,,Male,,29/03/2025,RL,,EP-MN-WN1A
Euell De Mico,312 Donald Park,898 878 4190,edekf@acquirethisname.com,,VIP,,Male,,15/12/2024,Corolla,Toyota,NY-31-17-0119
Camella Habron,,992 534 9441,chabronkg@freewebs.com,,LKHA,,Female,697 850 5605,17/02/2025,TrailBlazer,Chevrolet,PIAZZA FILIPPO MEDA 4
Isac Kiddell,,832 475 9736,ikiddellkh@miitbeian.gov.cn,,LKHA,,Male,309 343 9987,18/08/2025,S80,Volvo,"VIA CADUTI DI SABBIUNO, 3"
Gradeigh Safe,41 Mariners Cove Avenue,323 307 3702,,,NBH01,,Male,676 116 2563,27/10/2025,Galant,Mitsubishi,
Georgetta Shrimplin,2997 Donald Avenue,121 851 3666,gshrimplinkj@acquirethisname.com,,LKHA,,Female,970 961 1793,24/10/2025,Sorento,Kia,Hauptstraße 13
Poppy de Clercq,57333 Harbort Hill,281 848 2917,pdekk@issuu.com,,,,Female,903 844 2342,7/10/2025,LeBaron,Chrysler,P.O. BOX 27025
Betteanne Stoll,946 Barnett Circle,,bstollkl@phpbb.com,,VIP,,Female,,29/05/2025,Murciélago LP640,Lamborghini,12345 W COLFAX AVE
Farley Cayette,,393 827 8618,fcayettekm@live.com,,NBH01,,Male,,21/04/2025,Cordia,Mitsubishi,"47 Athlunkard Street,"
Reuben Withey,82 Gina Alley,743 540 3189,rwitheykn@amazon.com,,LKHA,,Male,,3/8/2025,Corolla,Toyota,436 SLATOR ROAD
Alfie Yeliashev,38032 Bartelt Center,389 833 4255,ayeliashevko@auda.org.au,,VIP,,Male,,22/06/2025,Sigma,Mitsubishi,101 S MAIN
Ella Borrell,54 Sommers Way,,eborrellkp@g.co,,VIP,,Female,632 594 4602,30/05/2025,Spectra,Kia,Am Rosengarten 3
Rayna Alvar,92773 Tennessee Crossing,383 331 2396,ralvarkq@accuweather.com,,VIP,,Female,,3/11/2025,XLR,Cadillac,20544 HUSKER DR
Maddie Noonan,7 Vahlen Pass,259 161 3011,mnoonankr@boston.com,,LKHA,,Female,440 473 0876,20/06/2025,Sierra 2500,GMC,
Missy Sopp,5906 Steensland Crossing,425 344 8152,msoppks@ftc.gov,,,,Female,,,Continental GTC,Bentley,Hauptstraße 46
Sydelle Bordes,320 Corscot Alley,118 559 6053,sbordeskt@time.com,,LKHA,,Female,634 174 1566,28/08/2025,Tahoe,Chevrolet,12345 W COLFAX AVE
Nadia Gasnell,92573 Forest Run Trail,387 425 7081,ngasnellku@yahoo.com,,LKHA,,Female,,3/11/2025,xB,,PIAZZA FILIPPO MEDA 4
Bernie Winkless,6 Lotheville Hill,561 611 7621,bwinklesskv@mtv.com,,LKHA,,Female,971 649 1332,26/09/2025,Passat,Volkswagen,12 PLACE DES ETATS UNIS
Ashlie Duthie,239 Mayer Center,164 978 5020,aduthiekw@hud.gov,,VIP,,Female,,24/04/2025,Land Cruiser,Toyota,"Steyrer Straße, 1"
Calhoun Plaid,45705 Hoffman Place,149 135 8186,cplaidkx@ebay.com,,NBH01,,Male,,28/05/2025,Grand Marquis,Mercury,110 S FERRALL STREET
Bent Castanaga,06823 Carpenter Lane,215 703 5451,bcastanagaky@freewebs.com,,NBH01,,Male,,10/4/2025,Fleetwood,Cadillac,PO BOX 15128
Uriel Wontner,173 Algoma Pass,320 203 1754,uwontnerkz@wsj.com,,VIP,,Male,,20/03/2025,Forte,Kia,P.O. BOX 8287
Laetitia Ghiron,,163 626 8134,lghironl0@naver.com,,VIP,,Female,363 483 2685,16/01/2025,ES,Lexus,747 MERIDIAN
Finn Danielovitch,258 West Crossing,,fdanielovitchl1@google.com.au,,LKHA,,Male,327 303 0691,14/05/2025,350Z,Nissan,3320 DREDGE DRIVE
Josh Castelluzzi,,,jcastelluzzil2@ibm.com,,NBH01,,,,5/9/2025,Prelude,Honda,
Rica Crowd,6 Messerschmidt Point,735 821 9215,rcrowdl3@paypal.com,,,,Female,,29/06/2025,Milan,Mercury,24 SECOND AVENUE
Whitby Calbrathe,3870 Fairview Hill,805 864 2436,wcalbrathel4@guardian.co.uk,,LKHA,,Male,,1/5/2025,Fortwo,Smart,111 SILVAN AVENUE
Demetria Zorzi,21324 Claremont Parkway,,dzorzil5@cocolog-nifty.com,,NBH01,,Female,,,EXP,Ford,ACH OPERATIONS 100-99-04-10
Gaultiero Futty,0 Hudson Crossing,,gfuttyl6@upenn.edu,,NBH01,,Male,,13/05/2025,Gemini,Pontiac,PIAZZA FILIPPO MEDA 4
Adria Aiskovitch,4 Brickson Park Lane,117 898 6278,aaiskovitchl7@nbcnews.com,,,,Female,,8/11/2025,3500 Club Coupe,,5900 LA PLACE COURT  SUITE 200
Amie Downing,61940 Crest Line Plaza,203 541 2517,adowningl8@goodreads.com,,LKHA,,Female,,23/01/2025,M3,BMW,LOCATER 01-5138
Gordy Remmer,5210 Armistice Court,952 987 5818,gremmerl9@youtube.com,,LKHA,,Male,,,X6 M,,9300 FLAIR DRIVE  4TH FLOOR
Denys Dammarell,57 Pennsylvania Place,,,,,,Male,,,,Jeep,
Hiram Corradino,7392 Norway Maple Road,768 527 4836,hcorradinolb@booking.com,,NBH01,,Male,,,Altima,Nissan,
Karel Dunlea,883 Saint Paul Point,542 129 6849,kdunlealc@state.tx.us,,NBH01,,Female,,6/2/2025,NV2500,Nissan,P O BOX 278
Iggie Lipsett,18 Donald Plaza,862 670 1443,ilipsettld@ibm.com,,VIP,,Male,,24/07/2025,Durango,Dodge,"2, rue du Fossé (2nd Floor)"
Korey Reveley,98 Delaware Way,722 783 9751,kreveleyle@hexun.com,,VIP,,Male,998 708 3156,21/07/2025,Alero,Oldsmobile,"Schupstraat, 18-20"
Adams Gurnay,06975 Muir Center,264 303 9111,agurnaylf@aol.com,,NBH01,,Male,142 639 9796,3/4/2025,M,Infiniti,200 W CONGRESS ST
Damita Eaklee,0759 Huxley Avenue,388 894 2979,deakleelg@admin.ch,,,,Female,303 419 4410,27/01/2025,3500,Chevrolet,719 HARKRIDER ST. 3RD FLOOR
Christin Bernadon,5 Harbort Park,,cbernadonlh@census.gov,,LKHA,,Female,,23/05/2025,Commander,Jeep,Bei den Kornschrannen 4 und 5
Rozella Maffeo,1670 Schmedeman Street,243 429 6408,rmaffeoli@studiopress.com,,,,Female,,29/08/2025,Reno,Suzuki,"VIA CAPITELLO, 36"
Marj Midlar,00623 Dapin Avenue,879 983 1753,mmidlarlj@pbs.org,,NBH01,,Female,484 856 0284,27/12/2024,Vibe,Pontiac,2 AVENUE HOCHE
Nichol Limpertz,,940 697 5493,,,LKHA,,,,29/01/2025,Talon,Eagle,
Rutter Merit,6781 Caliangt Drive,,,,,,Male,,10/8/2025,,Isuzu,PO BOX 537
Shea Jendrusch,98285 Larry Street,395 494 2579,sjendruschlm@infoseek.co.jp,,LKHA,,Female,707 261 5181,21/07/2025,Previa,Toyota,"VIALE ALTIERO SPINELLI, 30"
Bennie Pyner,0 Ilene Lane,273 339 8957,bpynerln@prweb.com,,LKHA,,Female,,17/12/2024,Protege,Mazda,BOX 171297
Byrann Rickarsey,31545 Straubel Place,766 157 8685,brickarseylo@php.net,,,,Male,,,Taurus,Ford,EP-MN-WN1A
Nikolaos Gallgher,5 Stone Corner Road,415 392 2808,ngallgherlp@sfgate.com,,NBH01,,Male,,20/12/2024,Mustang,Ford,ESPACE FAURIEL
Vere Suttaby,47 Burrows Avenue,208 423 7555,vsuttabylq@de.vu,,VIP,,Female,630 641 7424,8/4/2025,Eldorado,Cadillac,1460 VALLEY RD
Tobit Vyvyan,539 2nd Alley,722 279 2021,tvyvyanlr@ameblo.jp,,VIP,,Male,,27/03/2025,DeVille,Cadillac,436 SLATER ROAD
Loren Slimmon,8036 Maple Court,694 499 8667,lslimmonls@taobao.com,,NBH01,,Female,,5/11/2025,,Cadillac,7 PROMENADE GERMAINE SABLON
Scotti Cunningham,6684 Service Center,555 683 1766,scunninghamlt@w3.org,,LKHA,,Male,,,E-Class,Mercedes-Benz,"PIAZZA GAE AULENTI, 3 TOWER  A"
Louisette Duding,2852 Lukken Trail,385 957 0332,ldudinglu@surveymonkey.com,,NBH01,,Female,406 679 1834,9/8/2025,,Aston Martin,
Junie Farish,3 Sullivan Terrace,438 733 6393,jfarishlv@arstechnica.com,,,,Female,,22/12/2024,Camaro,Chevrolet,ONE HSBC CENTER  14TH FLOOR
Nikolai Deeprose,42 Merrick Road,383 374 4946,ndeeproselw@nps.gov,,,,Male,,,Freestar,Ford,PO BOX 1234
Talia Sket,57 Russell Hill,330 822 3584,tsketlx@google.de,,VIP,,Female,,15/05/2025,Bonneville,Pontiac,"PIAZZA DEL CALENDARIO, 3"
Nert Goney,6 Burning Wood Trail,596 286 7866,ngoneyly@github.io,,VIP,,Female,,14/10/2025,V50,Volvo,"PIAZZA LIBERTA', 23"
Sophie Di Biasio,13 New Castle Junction,212 184 2417,sdilz@cnbc.com,,LKHA,,,,1/4/2025,Grand Marquis,Mercury,
Roderich Keese,84 Lighthouse Bay Park,258 922 3824,rkeesem0@msn.com,,,,,,11/10/2025,,Ford,12345 WEST COLFAX AVE
Rudiger Allso,38 Mifflin Hill,,rallsom1@shop-pro.jp,,NBH01,,Male,970 659 0824,,3 Series,BMW,"PIAZZA GALVANI, 4"
Junie Nunn,18 Maple Road,350 202 9258,jnunnm2@uiuc.edu,,,,Female,,26/06/2025,Cabriolet,Volkswagen,"78 High Street, Gardens"
Demetrius Happert,48 Jenna Parkway,239 766 0470,dhappertm3@usgs.gov,,LKHA,,Male,,,Silverado 2500,Chevrolet,VIALE BELFIORE 26
Prue Greenstreet,,411 899 8442,pgreenstreetm4@examiner.com,,,,Female,,3/1/2025,Taurus,Ford,Breiter Weg 212
Clayborne Titcumb,,,ctitcumbm5@posterous.com,,VIP,,Male,,16/10/2025,Savana 3500,GMC,"VIALE DELLA REPUBBLICA, 1"
Wini Shelper,4 Brentwood Road,443 123 6559,wshelperm6@youtube.com,,NBH01,,Female,,21/05/2025,Express,Chevrolet,Kieler Straße 39-43
Cullie Brandone,24 Norway Maple Court,,cbrandonem7@jigsy.com,,LKHA,,Male,,13/07/2025,Grand Caravan,Dodge,3200 WILSHIRE BLVD
Wiley Barrim,727 David Park,206 188 2015,wbarrimm8@earthlink.net,,VIP,,Male,,3/12/2024,CTS,Cadillac,Gäustraße 5
Ronny Stollhofer,29888 Prairieview Parkway,692 625 0017,rstollhoferm9@surveymonkey.com,,VIP,,Male,,12/7/2025,Challenger,Dodge,14 Place Vendôme
Trevor Bendon,44588 Express Terrace,627 591 0260,tbendonma@scientificamerican.com,,VIP,,Male,,17/09/2025,Eclipse,Mitsubishi,Parkring 28
Hendrik Kenney,3 Granby Circle,657 241 2912,hkenneymb@sciencedaily.com,,,,Male,857 702 1304,,,Mercedes-Benz,Osterstraße 11
Vassili McVeighty,2 Green Terrace,,vmcveightymc@uiuc.edu,,LKHA,,Male,,15/09/2025,Vitara,Suzuki,PIAZZA FILIPPO MEDA 4
Hale Adam,55483 Harbort Court,657 598 1223,hadammd@qq.com,,VIP,,Male,436 825 7481,23/05/2025,164,Alfa Romeo,
Tim Dillingstone,995 Susan Crossing,135 391 4008,tdillingstoneme@businesswire.com,,,,Male,,23/03/2025,,Buick,
Yoshiko Molder,31031 Dorton Trail,973 573 9411,ymoldermf@bigcartel.com,,,,Female,,16/01/2025,,Lincoln,12 PLACE DES ETATS UNIS
Reed Cardillo,4356 Stone Corner Street,678 894 3875,rcardillomg@instagram.com,,LKHA,,Male,,26/07/2025,Sequoia,Toyota,"Pz de San Nicolás, 4"
Horatia Rubinlicht,80 Jay Parkway,301 729 2266,,,LKHA,,Female,,19/03/2025,Corsica,Chevrolet,Prannerstraße 8
Elsbeth Tunstall,62 Fairfield Center,871 285 2367,,,,,Female,,21/08/2025,Topaz,Mercury,P O BOX 99
Aaren Teenan,0 Loeprich Pass,324 297 2765,,,,,Female,400 286 8261,10/10/2025,New Beetle,Volkswagen,
Brande Rhydderch,314 Montana Junction,890 236 6572,brhydderchmk@ox.ac.uk,,NBH01,,,466 154 2757,12/4/2025,Viper RT/10,Dodge,P O BOX 269
Sharron Giacomelli,7 Vermont Junction,681 754 6173,sgiacomelliml@europa.eu,,,,Female,,1/4/2025,Wrangler,Jeep,VIA PIEMONTE 38
Cleavland Sporrij,2204 Norway Maple Point,349 379 0871,csporrijmm@360.cn,,LKHA,,Male,555 805 4895,10/12/2024,RX-7,Mazda,P O BOX 27025
Loydie Cutmore,,101 726 8161,lcutmoremn@rambler.ru,,VIP,,Male,224 285 4980,,Camry,,10583 MAIN STREET
Aylmar Clapperton,2708 Utah Avenue,668 361 7730,aclappertonmo@google.ru,,LKHA,,Male,,21/10/2025,A3,Audi,Marktplatz 2
Wain Abbett,1 Farmco Plaza,171 386 6709,wabbettmp@princeton.edu,,NBH01,,Male,,10/10/2025,,GMC,Münchner Straße 2
Thurstan Tew,,210 953 9644,ttewmq@google.com.au,,,,Male,408 970 1488,23/05/2025,Cabriolet,Volkswagen,120 3RD AVENUE SE
Miles Kenworthey,,619 602 5143,mkenwortheymr@people.com.cn,,VIP,,Male,,15/05/2025,Rapide,Aston Martin,PO BOX 85929
Rinaldo Godmer,3964 Northland Junction,572 760 7619,rgodmerms@live.com,,NBH01,,,,20/12/2024,Escalade EXT,,Untertor 9
Gavin Regenhardt,05502 Mockingbird Circle,612 955 9488,gregenhardtmt@bluehost.com,,LKHA,,Male,,8/1/2025,Versa,Nissan,"Pç. D. João I, 28"
Oneida Biagioni,92 Sycamore Drive,780 282 7073,obiagionimu@usda.gov,,,,Female,,,Xterra,Nissan,100 CREEK RD
Dody Berget,26247 Toban Drive,981 904 1203,dbergetmv@so-net.ne.jp,,NBH01,,Female,,19/12/2024,Civic,Honda,P.O. BOX 1377
Harold Gianilli,4790 Hintze Circle,345 936 6928,hgianillimw@spotify.com,,VIP,,,,14/08/2025,Rio,Kia,7 RUE D ESCURES
Teddie Grene,,932 375 0571,tgrenemx@naver.com,,,,Female,,18/12/2024,Hearse,Buick,Friedrichswall 10
Meredith Oade,3071 Delladonna Alley,877 684 0285,moademy@alexa.com,,VIP,,Female,,18/01/2025,S-Class,,24 SECOND AVE SE
Annaliese Ritchings,147 Westridge Place,307 684 3615,aritchingsmz@ow.ly,,LKHA,,Female,829 415 3856,21/05/2025,Skyhawk,Buick,"Hauptplatz, 15"
Salomo Eaden,04 Schmedeman Lane,326 281 5931,seadenn0@soup.io,,NBH01,,Male,722 830 8767,,Soul,,1200 E WARRENVILLE ROAD
Pierson Mathys,,548 413 1287,pmathysn1@usa.gov,,,,Male,,1/3/2025,Landaulet,Maybach,"Clarke House, Laurence Street, Drogheda,"
Flin O'Scanlon,,770 643 9152,foscanlonn2@elegantthemes.com,,VIP,,Male,131 953 4934,28/10/2025,E150,Ford,4140 EAST STATE STREET
Wilmette Cotsford,0303 Montana Lane,412 277 6367,wcotsfordn3@themeforest.net,,VIP,,Female,,8/11/2025,,Lexus,
Yurik Byas,79953 Kinsman Park,382 217 5693,ybyasn4@vimeo.com,,LKHA,,Male,,23/01/2025,Express 1500,Chevrolet,"Clare House, 37 Glenageary Park"
Billie Golightly,85 Melby Circle,982 170 2315,bgolightlyn5@aboutads.info,,,,,,,X5,BMW,PIAZZA FILIPPO MEDA 4
Stirling Symes,81947 Artisan Trail,255 691 5490,ssymesn6@businesswire.com,,,,,,27/05/2025,TL,Acura,8001 VILLA PARK DRIVE
Mariel Hattersley,7087 Goodland Street,834 100 3503,mhattersleyn7@rakuten.co.jp,,VIP,,Female,,,Camaro,Chevrolet,100 S WOOD ST
Sal Sircombe,8064 Arrowood Pass,651 962 4453,ssircomben8@upenn.edu,,VIP,,Female,971 868 6134,3/6/2025,Avanti,Studebaker,"PIAZZA RISORGIMENTO, 16"
Jim Beaney,7 Bartelt Junction,711 188 2925,jbeaneyn9@youtube.com,,LKHA,,Male,704 802 0464,20/02/2025,Park Avenue,Buick,PIAZZA FILIPPO MEDA 4
Janie Scipsey,843 Bonner Avenue,189 484 6123,jscipseyna@tiny.cc,,,,Female,891 614 7442,,Monaco,,PO BOX 10566
Opalina Hancke,11058 Lakewood Center,681 936 9392,ohanckenb@cloudflare.com,,NBH01,,Female,,15/06/2025,,Scion,"PIAZZA DEL CALENDARIO, 3"
Kimble Robilart,,923 306 8779,krobilartnc@abc.net.au,,NBH01,,Male,,18/06/2025,NV2500,Nissan,Bahnhofstraße 43
Scotty Childs,65876 Crescent Oaks Terrace,747 202 6106,schildsnd@cisco.com,,NBH01,,Male,941 162 8779,9/7/2025,Pathfinder Armada,Nissan,
Levon Woloschinski,61597 Graceland Place,,lwoloschinskine@bluehost.com,,LKHA,,Male,,3/7/2025,Titan,Nissan,1200 E WARRENVILLE ROAD
Jacquetta Ralfe,2345 Mayer Drive,207 972 4814,jralfenf@shinystat.com,,NBH01,,Female,,,Mustang,Ford,BOX 158
Ashlin Schutt,,,aschuttng@google.cn,,LKHA,,Male,,,Econoline E350,Ford,PO BOX 10566
Davidde Redferne,73 Kenwood Place,375 571 7253,dredfernenh@hatena.ne.jp,,NBH01,,Male,,13/08/2025,MX-5,Mazda,1200 E WARRENVILLE ROAD
Bran Inworth,306 Vahlen Center,,binworthni@delicious.com,,,,Male,,18/01/2025,Rally Wagon 3500,GMC,4140 EAST STATE STREET
Tybi Hinks,2 Cordelia Plaza,107 300 8007,,,VIP,,Female,,3/5/2025,Corolla,Toyota,80 SUGAR CREEK CENTER BLVD.
Barnie Gouldthorpe,2722 Sunfield Hill,650 262 2220,bgouldthorpenk@jiathis.com,,,,Male,,28/10/2025,Malibu,Chevrolet,17555 NORTHEAST SACRAMENTO STREET
Dodi Bromwich,71296 Michigan Drive,598 494 6463,dbromwichnl@nba.com,,VIP,,Female,853 947 3174,31/01/2025,Solara,Toyota,
Lesly Crim,8386 Mayfield Avenue,662 287 1862,,,VIP,,Female,209 163 8941,21/02/2025,Venza,Toyota,Bahnhofstraße 4
Gerhardine Durning,6653 Gateway Crossing,469 456 1542,gdurningnn@ucoz.com,,VIP,,Female,,5/4/2025,M Roadster,BMW,812 MAIN ST
Amory Sket,68699 Carberry Plaza,943 806 6978,asketno@huffingtonpost.com,,,,Male,,27/02/2025,Odyssey,Honda,"Stockerauerstr., 8-10"
Edwin Alexsandrowicz,8237 Homewood Court,618 459 8315,ealexsandrowicznp@buzzfeed.com,,VIP,,Male,,14/06/2025,,Plymouth,"Jan Van Rijswijcklaan, 184"
Tommy O'Shea,708 Sachtjen Circle,316 186 0590,,,LKHA,,Female,416 482 4318,13/02/2025,Cherokee,Jeep,
Red Moverley,26 Messerschmidt Hill,208 988 0112,rmoverleynr@xing.com,,NBH01,,Male,,9/1/2025,Caliber,Dodge,Hutschdorf 65
Mirabella Reymers,,872 972 7333,mreymersns@imgur.com,,LKHA,,,450 719 0926,25/12/2024,Genesis Coupe,Hyundai,P O BOX  219
Stephenie Schonfeld,5980 Badeau Avenue,,sschonfeldnt@hud.gov,,NBH01,,Female,,4/6/2025,Thunderbird,Ford,P7-PFSC-03-H
Garner Siret,,200 344 5449,gsiretnu@cornell.edu,,,,Male,,13/05/2025,Town Car,Lincoln,Bahnhofstraße 3
Shaw Appleby,29 Eggendart Way,386 151 9446,sapplebynv@wikispaces.com,,NBH01,,Male,,1/11/2025,,Suzuki,ATTN: ELECTRONIC SERVICES
Saudra Finn,4116 Eagle Crest Plaza,848 922 9865,,,,,Female,,8/12/2024,E250,Ford,27 S BROAD ST
Vinnie Curle,,771 563 1681,vcurlenx@buzzfeed.com,,NBH01,,Female,,,1500,Ram,245 COMMERCIAL STREET
Ruddy Feitosa,380 Meadow Ridge Terrace,434 204 5325,rfeitosany@vkontakte.ru,,LKHA,,Male,607 116 2474,10/4/2025,626,,Pristaniška 14
Jemmie Braffington,,170 567 7463,jbraffingtonnz@msn.com,,LKHA,,Female,,16/01/2025,,Volkswagen,
Tarrance Muddicliffe,03 Logan Hill,645 418 0240,tmuddicliffeo0@sogou.com,,LKHA,,Male,,17/09/2025,F350,Ford,EAST PLAZA
Grace Nott,29 Lake View Street,406 176 5134,gnotto1@bbc.co.uk,,VIP,,Female,,18/04/2025,Miata MX-5,Mazda,1630 4TH AVENUE NORTH
Culver Shipton,73247 Mcbride Plaza,684 522 2514,,,NBH01,,Male,,31/08/2025,Sonoma Club Coupe,GMC,1398 CENTRAL AVE
Allard Merrigans,7738 Trailsway Lane,525 931 2106,amerriganso3@360.cn,,VIP,,Male,,9/1/2025,GT500,Ford,
Ainslie Itzchaky,1414 American Ash Plaza,730 104 5707,aitzchakyo4@yellowbook.com,,NBH01,,Female,,21/07/2025,Accent,Hyundai,"Hauptstr., 64"
Esme Schorah,70 Basil Pass,316 466 6667,,,NBH01,,Female,,14/01/2025,Grand Am,Pontiac,
Henri Kapiloff,3361 Dwight Court,217 954 1212,hkapiloffo6@stanford.edu,,,,Male,,18/01/2025,Taurus,Ford,
Catrina Larmuth,1 Goodland Way,584 762 0286,,,NBH01,,,,27/06/2025,,Audi,ROP440
Ronny MacCrossan,90 Menomonie Road,233 581 7377,rmaccrossano8@hexun.com,,,,Male,,29/09/2025,Envoy,GMC,"VIA MAZZINI, 80"
Gertrudis Bosch,54948 Holy Cross Crossing,187 256 8605,gboscho9@noaa.gov,,LKHA,,Female,,15/06/2025,Sentra,Nissan,LOC: 01-5138
Flint Shenley,19050 Crescent Oaks Road,712 939 3292,fshenleyoa@freewebs.com,,NBH01,,Male,,9/3/2025,Diablo,Lamborghini,"Oktoberplatz, 1"
Paton Jeffreys,,857 818 1744,pjeffreysob@businesswire.com,,,,Male,,24/10/2025,Envoy XUV,GMC,An der Netter Heide 1
Pavel Thon,80 Spenser Circle,198 804 7182,pthonoc@ft.com,,LKHA,,Male,874 266 2745,10/6/2025,Caliber,,ONE COMMUNITY PLACE
Vera Melmar,81 Talmadge Avenue,809 370 0073,vmelmarod@howstuffworks.com,,NBH01,,Female,928 867 7549,23/10/2025,Cabriolet,Volkswagen,ELECTRONIC BANKING D-339
Thelma Rapelli,6427 Chive Trail,341 398 0970,trapellioe@macromedia.com,,NBH01,,Female,,17/02/2025,Rondo,Kia,MAC N9301-041
Cassandry Jurick,774 Maryland Place,558 502 4125,cjurickof@hc360.com,,NBH01,,Female,,9/12/2024,Mirage,Mitsubishi,BOX 367
Farah Padkin,925 Eagle Crest Plaza,601 144 1737,fpadkinog@tinypic.com,,,,,,5/8/2025,R32,Volkswagen,100 NORTH PHILLIPS AVENUE
Michell Abbatucci,,911 340 7598,mabbatuccioh@salon.com,,VIP,,Female,673 737 5340,2/6/2025,E150,Ford,PO BOX 67
Burg Lovegrove,09 Cherokee Crossing,517 785 3846,blovegroveoi@amazonaws.com,,,,Male,,2/3/2025,545,BMW,P O BOX 59
Corabella Blockey,,252 291 7876,,,LKHA,,Female,419 497 1646,10/11/2025,T100 Xtra,Toyota,Wildunger Straße 14
Giorgio Shilston,06759 Barnett Junction,807 936 3136,gshilstonok@icio.us,,LKHA,,Male,,25/02/2025,Maxima,Nissan,PO BOX 75000
Ursuline Crole,63839 Summit Point,,ucroleol@free.fr,,VIP,,Female,,15/07/2025,,Buick,Meckenemstraße 10
Michaella Barefoot,3 Meadow Valley Drive,310 915 8752,mbarefootom@pbs.org,,,,Female,,21/08/2025,,Suzuki,"601 PENN ST., 5TH FLOOR"
Korney Janoschek,6 Towne Point,400 550 5260,kjanoschekon@newyorker.com,,,,Female,,14/09/2025,F250,,Poststraße 8
Rena Dancy,6637 Fuller Terrace,516 755 4463,rdancyoo@wikimedia.org,,LKHA,,Female,,16/11/2025,S10,Chevrolet,P7-PFSC-03-H
Stacey Markus,123 Crowley Plaza,650 132 3474,smarkusop@xrea.com,,LKHA,,,,21/04/2025,CR-V,Honda,Kaiserstraße 20
Obie Forrest,7 Duke Street,338 298 8144,oforrestoq@mit.edu,,,,Male,713 365 6376,16/11/2025,Malibu,Chevrolet,2 AVENUE HOCHE
Esma Call,6383 Killdeer Center,142 648 6213,ecallor@bloomberg.com,,,,Female,250 270 3875,,Silverado 2500,Chevrolet,PO BOX 27025
Diarmid Merrien,23 Mallory Street,763 107 6508,dmerrienos@mozilla.org,,,,Male,,,Prelude,Honda,
Morlee Janny,05 Thompson Park,687 493 1983,mjannyot@cargocollective.com,,LKHA,,Male,,18/11/2025,Outback,Subaru,"41, Themistokleous Dervi Street"
Rhetta Casaccio,37 Springview Hill,952 579 5888,rcasaccioou@cmu.edu,,,,Female,,28/02/2025,DeVille,Cadillac,110 S FERRALL STREET
Forbes Ohms,2316 Fairview Plaza,,fohmsov@newyorker.com,,VIP,,Male,566 515 6578,26/01/2025,300CE,Mercedes-Benz,"Rennweg, 6"
Ashleigh Calam,61 Harper Crossing,698 336 2168,acalamow@livejournal.com,,,,Female,,,Elan,Lotus,4400 LEWIS STREET
Dunstan Cattrell,673 Mockingbird Avenue,721 511 7624,dcattrellox@omniture.com,,VIP,,Male,,26/08/2025,HHR,Chevrolet,P O BOX 27025
Lillian Cornwall,923 Butternut Trail,,lcornwalloy@privacy.gov.au,,VIP,,Female,,22/10/2025,,Buick,"Am Stadtpark, 9"
Griz Orritt,31 Mifflin Point,399 775 9847,gorrittoz@51.la,,,,Male,,,H2,Hummer,PIAZZA FILIPPO MEDA 4
Pegeen Harron,9 Darwin Lane,435 861 2697,pharronp0@hibu.com,,NBH01,,Female,,8/11/2025,Grand Cherokee,Jeep,pl. Wolności 3
Teador Roydon,79387 Aberg Terrace,538 494 2695,troydonp1@domainmarket.com,,NBH01,,Male,,3/7/2025,Eurovan,Volkswagen,502 W WINDSOR
Bettine Pinsent,,243 263 9218,bpinsentp2@businessweek.com,,VIP,,Female,,16/10/2025,Vandura G3500,GMC,
Tory Ferandez,8 Westridge Circle,283 378 5672,tferandezp3@1688.com,,LKHA,,Female,148 331 3568,14/10/2025,Xtra,Toyota,LOCATER 01-5138
Baxie Whapples,528 Reinke Parkway,674 212 9701,bwhapplesp4@yahoo.com,,LKHA,,Male,,10/9/2025,,Ford,Oststraße 77
Billy Stickford,6161 Dakota Road,789 691 6609,bstickfordp5@theglobeandmail.com,,,,Male,180 339 8420,25/02/2025,Pilot,,III. Hagen 43
Ragnar Onion,972 Briar Crest Court,759 761 9020,ronionp6@topsy.com,,NBH01,,Male,,3/10/2025,Neon,,TOUR ALLIANZ ONE 1 COURS MICHELET
Tulley Jerson,3 David Point,714 635 9022,tjersonp7@typepad.com,,,,Male,854 350 3180,9/4/2025,Fortwo,Smart,P O BOX 10566
Fredericka Gonzalez,1499 Bobwhite Place,,fgonzalezp8@pen.io,,VIP,,Female,,24/07/2025,X5 M,BMW,600 UNIVERSITY STREET  SUITE 2323
Happy Cromblehome,5691 Morrow Parkway,459 487 1598,hcromblehomep9@google.cn,,,,Female,,18/04/2025,LHS,Chrysler,SUITE 5
Edythe Bunson,316 Lake View Drive,,ebunsonpa@prlog.org,,NBH01,,Female,,,62,Maybach,"Level 20, Portomaso Business Tower, Portomaso Avenue"
Brigham Mainwaring,836 Warner Road,162 262 5855,,,,,,,2/7/2025,Avalanche 2500,Chevrolet,Schwanenstraße 17-19
Theodosia Seniour,22 Becker Alley,901 458 4939,tseniourpc@alibaba.com,,,,Female,,23/09/2025,Q,Infiniti,124 SOUTH MAIN ST
Hayyim Townshend,97 Stang Court,748 974 5959,htownshendpd@auda.org.au,,NBH01,,Male,,20/02/2025,Element,Honda,ACH OPERATIONS  100-99-04-10
Annis Awcock,09363 Fairview Parkway,173 626 2254,,,VIP,,Female,,31/08/2025,Silverado,Chevrolet,
Adel Firmager,270 Elka Street,493 327 7299,,,LKHA,,Female,,23/03/2025,Grand Caravan,Dodge,4140 EAST STATE STREET
Ebenezer McKelvey,3 Messerschmidt Park,322 541 5694,emckelveypg@list-manage.com,,LKHA,,Male,,22/12/2024,Sierra,GMC,"VIA STATALE, 39"
Alameda Hartle,2976 Macpherson Pass,473 472 0709,ahartleph@google.nl,,LKHA,,Female,,20/11/2024,Cayenne,Porsche,"707 17TH STREET, SUITE 2950"
Jourdan Frankis,973 Crownhardt Place,906 695 9455,jfrankispi@squidoo.com,,,,Female,,4/2/2025,Aviator,Lincoln,"VIA G. MATTEOTTI, 5"
Rhetta Abbitt,951 Miller Terrace,943 614 1784,,,LKHA,,Female,,25/11/2024,R-Class,Mercedes-Benz,P O BOX 75000
Juan Thomazin,1 Chinook Plaza,581 414 7450,jthomazinpk@unesco.org,,VIP,,Male,,22/04/2025,,Mazda,"Pç. D. João I, 28"
Patrice Cookson,,553 753 1413,pcooksonpl@boston.com,,VIP,,Male,,29/01/2025,500E,Mercedes-Benz,400 RELLA BOULEVARD
Filippa Fucher,315 Scoville Junction,577 929 7733,ffucherpm@e-recht24.de,,VIP,,Female,,9/4/2025,,Honda,605 NORTH 8TH ST
Dillon Burless,53405 Anzinger Terrace,694 146 4521,dburlesspn@alibaba.com,,NBH01,,,,22/09/2025,626,Mazda, Taliadourou and Kolokotroni Str.
Jamey Jertz,10 Eagan Trail,895 758 9032,jjertzpo@issuu.com,,LKHA,,Male,,21/11/2024,Cabriolet,Volkswagen,Kamp 17
Barbabas Pharo,94407 Almo Lane,405 342 9225,bpharopp@umich.edu,,,,Male,175 604 3187,3/8/2025,,,P O BOX 10
Giulietta Capozzi,684 Duke Hill,390 475 0105,gcapozzipq@naver.com,,NBH01,,Female,855 813 7769,,Voyager,Chrysler,Amstelplein 1 9e verdieping
Anthony Spileman,46096 Sunfield Junction,687 447 6580,aspilemanpr@independent.co.uk,,,,Male,,9/10/2025,,,
Faun Micco,,757 837 4149,fmiccops@gmpg.org,,NBH01,,Female,203 951 6209,2/2/2025,Maxima,Nissan,SUITE 330
Amerigo Lomasna,971 David Hill,358 471 8696,alomasnapt@statcounter.com,,NBH01,,Male,,5/8/2025,,Daihatsu,5050 KINGSLEY DRIVE
Haley Pinyon,526 Morningstar Alley,674 478 5927,hpinyonpu@ebay.com,,,,Male,600 237 0325,10/12/2024,Raider,Mitsubishi,Žalgirio g. 94-1
Pieter Lochead,203 Commercial Center,877 225 6307,plocheadpv@pbs.org,,LKHA,,Male,,13/04/2025,Taurus,Ford,ul. Grodzka 3
Winfred Runham,31226 Crowley Hill,363 451 4749,wrunhampw@nifty.com,,,,Male,,,,,111 S CASAVER AVE
Xavier Matfield,32 Caliangt Lane,470 664 6225,xmatfieldpx@sogou.com,,,,Male,,10/11/2025,Tracker,Chevrolet,400 RELLA BLVD
Boothe Wyldish,499 Ronald Regan Trail,141 675 2561,bwyldishpy@hud.gov,,,,Male,,,Regency,Oldsmobile,100 N. MARKET ST.
Elia Glencrosche,88 Judy Junction,,eglencroschepz@skyrock.com,,,,Male,,11/12/2024,Celica,Toyota,
Sammy Beenham,69006 Arrowood Alley,125 810 9304,sbeenhamq0@auda.org.au,,NBH01,,Male,,,NSX,,PIAZZA FILIPPO MEDA 4
Pavla Flaunier,1 Pierstorff Trail,637 113 1553,pflaunierq1@narod.ru,,LKHA,,Female,,10/3/2025,Supra,Toyota,115 N WALNUT ST
Tarah Bengtsen,258 Morning Crossing,283 968 8586,tbengtsenq2@symantec.com,,VIP,,,,8/3/2025,GLC,,P O BOX 4678
Matthiew Harrhy,1723 Clyde Gallagher Point,,mharrhyq3@twitter.com,,VIP,,Male,173 607 8784,6/12/2024,F150,Ford,"Hauptstraße, 40"
Bendix Trobey,74920 Brentwood Plaza,298 765 1323,,,LKHA,,Male,864 169 8597,27/03/2025,Avenger,Dodge,P. O. BOX 681
Luci Siddeley,3 Linden Alley,187 708 2825,,,,,Female,,,Rio,Kia,NY-31-17-0119
Bride Hedden,95 Hovde Way,253 706 8162,bheddenq6@people.com.cn,,,,Female,,6/6/2025,Avalanche 1500,Chevrolet,Arkadiagatan 4-6 A
Dukey Kobieriecki,9 Larry Lane,646 555 5184,dkobierieckiq7@forbes.com,,,,Male,143 762 8039,30/05/2025,IS,Lexus,P O BOX 291
Jaime Gadman,812 Rieder Junction,776 621 7144,jgadmanq8@netscape.com,,VIP,,Male,,28/05/2025,Camaro,Chevrolet,5050 KINGSLEY DRIVE
Linnell O'Lehane,,639 419 4077,lolehaneq9@example.com,,LKHA,,Female,,14/04/2025,Sonoma,GMC,20 Boulevard Royal
Bab Andresser,954 Messerschmidt Junction,163 984 5243,bandresserqa@buzzfeed.com,,NBH01,,Female,,29/07/2025,,,4140 EAST STATE STREET
Charmion Blankau,93132 Meadow Valley Court,,cblankauqb@so-net.ne.jp,,,,Female,,27/10/2025,Mark VIII,Lincoln,4140 EAST STATE STREET
Nance Condit,62 Reindahl Alley,533 581 6921,nconditqc@virginia.edu,,,,Female,,7/6/2025,MX-5,Mazda,Hauptstraße 5
Jacklyn Conman,,115 956 7235,,,LKHA,,Female,,18/04/2025,Altima,Nissan,609 N 291 HWY
Kellia Sunshine,6147 Summer Ridge Trail,398 412 5818,ksunshineqe@posterous.com,,LKHA,,Female,,6/6/2025,,Volkswagen,PIAZZA FILIPPO MEDA 4
Tuesday Jiruch,1980 Evergreen Pass,316 242 3764,tjiruchqf@craigslist.org,,,,Female,,18/02/2025,MPV,,SUITE 1500
Tim Laba,71989 Miller Circle,,tlabaqg@merriam-webster.com,,,,Male,409 574 3520,3/12/2024,Tiburon,Hyundai,PO BOX 3938
Elwira Crut,86940 Corben Hill,646 734 2870,ecrutqh@hubpages.com,,,,,,29/09/2025,LS Hybrid,Lexus,"VIALE ALTIERO SPINELLI, 30"
Pat McGorley,,602 675 7024,pmcgorleyqi@creativecommons.org,,,,Male,,18/07/2025,Commander,Jeep,27-31 AVENUE DU GÉNÉRAL LECLERC
Ulrich Murthwaite,,590 765 7753,umurthwaiteqj@psu.edu,,NBH01,,Male,423 467 5608,4/2/2025,RX-8,Mazda,"VIA DUCA DEGLI ABRUZZI, 103"
Gloria Inwood,,,,,NBH01,,Female,,19/07/2025,Concorde,Chrysler,Bijlmerdreef 106
Lynn Scardefield,287 Loftsgordon Avenue,211 557 8843,lscardefieldql@a8.net,,VIP,,Female,,1/11/2025,Crown Victoria,Ford,Islandufer 15
Lizzie McAlinden,59 Huxley Road,476 397 6970,lmcalindenqm@amazonaws.com,,VIP,,Female,,29/10/2025,Savana 1500,,"PZ EL PLA, 1"
Willem Schmuhl,005 Buhler Terrace,662 361 4020,,,VIP,,Male,898 876 5747,10/9/2025,E150,Ford,1200 E WARRENVILLE ROAD
Conrado Tewelson,7 Charing Cross Terrace,696 321 4597,,,NBH01,,Male,,18/09/2025,E350,Ford,
Ewen Marcone,0692 Spenser Point,409 384 8534,emarconeqp@gizmodo.com,,LKHA,,Male,514 915 1106,30/07/2025,Tiguan,Volkswagen,P.O.BOX 4678
Lyndsey Savage,492 Oriole Hill,268 447 2652,lsavageqq@china.com.cn,,NBH01,,Female,387 504 5158,19/01/2025,Vandura 2500,GMC,Untertor 9
Julian Izod,,938 852 9828,jizodqr@list-manage.com,,,,,,,Ram 1500 Club,Dodge,ATTN: ELECTRONIC SERVICES
Hillery Liebermann,7958 Forest Dale Road,284 786 1685,hliebermannqs@ask.com,,LKHA,,Male,,24/12/2024,,,
Mikel Corris,98 Sutteridge Center,502 220 9385,mcorrisqt@comcast.net,,VIP,,Male,,4/6/2025,Town Car,Lincoln,Kamekestraße 2-8
Angelika Ewin,993 Randy Plaza,568 227 3989,aewinqu@barnesandnoble.com,,LKHA,,Female,,25/09/2025,929,Mazda,255 2ND AVENUE SOUTH  MAC N9301-041
Delaney Bartocci,9 Butterfield Drive,150 802 4139,dbartocciqv@marriott.com,,,,Male,,10/7/2025,GTI,Volkswagen,PO BOX 158
Stella Elia,00 Pierstorff Crossing,430 524 6219,seliaqw@shareasale.com,,LKHA,,Female,,21/01/2025,Monte Carlo,Chevrolet,MAILSTOP KCES
Cornelle Morfey,93687 Melvin Lane,293 260 1004,,,,,,,20/06/2025,Corvette,Chevrolet,PIAZZA FILIPPO MEDA 4
Ettie Fishbie,95358 Cody Avenue,995 106 2731,efishbieqy@ebay.com,,,,Female,,,S10,Chevrolet,719 HARKRIDER ST. 3RD FLOOR
Jeanne Upstone,0 Aberg Crossing,307 795 3629,jupstoneqz@businessinsider.com,,VIP,,Female,333 305 1307,15/02/2025,Frontier,Nissan,Mühlenstraße 8
Jethro Louys,2 Blaine Circle,,jlouysr0@scientificamerican.com,,NBH01,,Male,,11/11/2025,Windstar,Ford,Hevosenkenkä 3
Matelda Rosenau,4 Thierer Terrace,753 921 0110,mrosenaur1@quantcast.com,,,,Female,,,Cruze,Chevrolet,PIAZZA FILIPPO MEDA 4
Tierney MacGorrie,3082 Truax Court,141 616 0423,tmacgorrier2@mlb.com,,NBH01,,,,17/02/2025,Express 1500,Chevrolet,Friedrichswall 10
Cristionna Nowakowski,5 Pankratz Terrace,657 248 6239,cnowakowskir3@cisco.com,,VIP,,Female,,24/10/2025,Accord,Honda,Marie-Curie-Straße 5
Gerianne Thackham,2657 Lyons Parkway,856 677 2432,gthackhamr4@wikipedia.org,,VIP,,Female,,18/03/2025,Armada,Nissan,"26, Boulevard Royal"
Cody Bicknell,8 Waxwing Park,307 190 7486,cbicknellr5@wix.com,,NBH01,,Female,,21/12/2024,Vitara,Suzuki,"VIA SAN MARCO, 11"
Dyana Calkin,567 Petterle Plaza,859 943 0391,dcalkinr6@multiply.com,,LKHA,,Female,,18/04/2025,Jetta III,,EP-MN-WN1A
Cyrillus Habbon,6529 Green Center,251 899 2717,chabbonr7@columbia.edu,,LKHA,,Male,282 951 4496,11/8/2025,Escape,Ford,1200 E WARRENVILLE ROAD
Tuck Judkin,9758 Beilfuss Terrace,345 774 4618,tjudkinr8@rakuten.co.jp,,LKHA,,Male,,7/4/2025,,Volkswagen,P O BOX 27025
Evelina Gymblett,66 Morning Place,546 200 3796,egymblettr9@com.com,,,,Female,122 341 4045,8/5/2025,F350,Ford,650 KANSAS AVENUE
Kent Kilfoyle,0 Talisman Crossing,131 779 1665,kkilfoylera@accuweather.com,,LKHA,,Male,,20/10/2025,,Oldsmobile,"Warandeberg, 3"
Hurley McReedy,3899 Buell Hill,987 731 9566,,,,,Male,,7/12/2024,Optima,Kia,
Markos Goady,9 Dovetail Point,733 266 5790,mgoadyrc@paypal.com,,,,Male,,4/6/2025,Chariot,Mitsubishi,"Schupstraat, 18-20"
Claudius Pfertner,4 Dottie Court,401 298 6283,cpfertnerrd@adobe.com,,NBH01,,Male,,18/10/2025,Ram Wagon B150,Dodge,ONE HSBC CENTER  14TH FLOOR
Carolina Cunnane,39648 Blaine Road,428 598 6609,ccunnanere@fc2.com,,NBH01,,Female,813 904 0413,9/1/2025,SLK-Class,Mercedes-Benz,P O BOX 3619
Alanah Chomicz,65863 Lerdahl Place,,achomiczrf@yahoo.co.jp,,NBH01,,Female,,23/08/2025,968,Porsche,Vesetas iela 7
Josefa Mennell,37191 Utah Trail,864 681 3894,jmennellrg@prlog.org,,,,Female,519 622 9282,28/05/2025,5-Sep,Saab,"VIA PLAVA, 80"
Ferrell Ilchenko,45848 Manley Point,610 135 5278,filchenkorh@yandex.ru,,LKHA,,Male,,15/08/2025,Impala,,101 E 23RD STREET
Kali Kimmons,38195 Steensland Court,239 149 5874,kkimmonsri@va.gov,,LKHA,,,,10/8/2025,3500 Club Coupe,GMC,PIAZZA FILIPPO MEDA 4
Dorolice Krauze,78591 Kinsman Parkway,192 783 1040,dkrauzerj@arstechnica.com,,NBH01,,Female,334 380 8001,24/09/2025,GTO,Pontiac,"VIA TRENTO, 7"
Tonie Gosneye,921 Fairview Plaza,,tgosneyerk@usa.gov,,,,Female,,4/2/2025,Marauder,Mercury,Zeil 123
Haskell Westcarr,296 Mayfield Junction,697 174 7564,hwestcarrrl@discovery.com,,LKHA,,Male,192 909 0265,21/01/2025,Acadia,GMC,1008 OAK STREET
Venus Meneyer,75 Carpenter Trail,190 995 5668,,,LKHA,,Female,,2/11/2025,Eclipse,Mitsubishi,110 S FERRALL STREET
Samuele Pynner,37737 Artisan Pass,892 563 4101,spynnerrn@godaddy.com,,VIP,,Male,757 153 1962,24/08/2025,Jetta,Volkswagen,
Joy Angrock,2194 Hudson Junction,782 424 2965,jangrockro@whitehouse.gov,,NBH01,,,,6/6/2025,Sunbird,Pontiac,
Cristabel Gerauld,549 Badeau Street,780 183 9439,cgerauldrp@fastcompany.com,,,,,,16/04/2025,,Suzuki,
Kingston Le Gall,032 International Street,530 502 0262,klerq@seattletimes.com,,LKHA,,Male,572 663 7713,12/8/2025,Titan,Nissan,Goethestraße 36
Rogers Armer,12 Mccormick Parkway,,,,NBH01,,Male,,,Tempo,Ford,"VIA AQUILEIA, 1"
